query_id,nrooms,nbedrooms,nbath,sm,garden_sm,floors,gargae_sm,price,year,windows,dist_city,doors,kmeans_label_id
0,5.0,,,,,1.0,,,,,6.0,,8
1,,,1.0,,,2.0,,,,,,,9
2,,,,,,,5.0,,,,,,9
3,,,,,,,,,4.0,,,,9
4,,,2.0,,,,,,,,,,9
5,4.0,3.0,,26.0,,,,,21.0,,,,8
6,,,,,,,,8.0,3.0,,,,4
7,,,,,,,,,,12.0,6.0,,8
8,,2.0,1.0,,,,4.0,,,,,,9
9,2.0,,3.0,,,,,24.0,,,,,8
10,,,,25.0,,,7.0,,,,,,8
11,2.0,,,,7.0,,,,23.0,,,,4
12,,,,,6.0,,,,,14.0,,,4
13,,,,,,,4.0,,,,,,9
14,,,,,,3.0,1.0,,,,,,9
15,3.0,,,,,,4.0,23.0,,,,2.0,8
16,,,1.0,,,,,,,,,10.0,9
17,,,,29.0,,,,,,,14.0,1.0,4
18,,,,36.0,3.0,,3.0,,,,8.0,,8
19,,,1.0,,,,,,,6.0,,,9
20,4.0,,,30.0,,2.0,,,,,,,8
21,,,,,,,,21.0,,7.0,15.0,,4
22,,,,,,,,,,,5.0,,9
23,2.0,3.0,3.0,,,,,36.0,,,,,4
24,,,,,,,,,,,13.0,,9
25,,,1.0,15.0,,,,,5.0,,2.0,,8
26,,,,,,,5.0,,,,,,9
27,,2.0,,,,1.0,4.0,,,6.0,,,4
28,,,,,1.0,,,,13.0,4.0,8.0,,8
29,,,,,,,,,,16.0,,,9
30,,,,,,,7.0,,,4.0,,8.0,4
31,4.0,,,,,,7.0,,7.0,,,,4
32,,,,,,,2.0,,,,,,9
33,,,,,,,,,,15.0,,,9
34,3.0,,3.0,,,,9.0,,,,15.0,,4
35,1.0,,,,,,,,,,,,9
36,,,,,4.0,,,,,5.0,9.0,,4
37,1.0,,,,,,,,,12.0,,,9
38,,,,,,1.0,,,,,,,9
39,,,,,,,,,,18.0,17.0,3.0,4
40,,3.0,2.0,,,3.0,,,15.0,,,,4
41,,,,,7.0,,,,,,,2.0,9
42,2.0,2.0,,,,3.0,2.0,,,,,,8
43,,,,,,,,,27.0,,,,9
44,4.0,,,,,,7.0,1.0,,18.0,,,8
45,,,,,,,8.0,,,,,,9
46,,2.0,,28.0,,,,,,,,,9
47,,,,,8.0,,,1.0,26.0,,9.0,,8
48,,3.0,,,,,,,,,,,9
49,,,3.0,19.0,,,,,,12.0,,,4
50,4.0,2.0,,6.0,10.0,,,,,,,,4
51,,,,,1.0,,,,,,16.0,9.0,4
52,,1.0,,17.0,,,,,,,,,9
53,,,,,,,,,20.0,,,,9
54,,,1.0,,,,,9.0,,,,,9
55,5.0,2.0,,,,,5.0,,,,,,9
56,,,3.0,25.0,,,,,,14.0,,,4
57,1.0,,,,1.0,,,,,,,,9
58,,,,,4.0,1.0,,6.0,,13.0,,,8
59,,,,,,,,,,9.0,,,9
60,,,,,,,,,,8.0,,7.0,9
61,4.0,,,,7.0,,,,,,,,9
62,3.0,,,,,,,,,,,,9
63,2.0,,,,,,,22.0,,,,,4
64,,,,,,,6.0,,19.0,,,6.0,4
65,,,3.0,,,2.0,,,26.0,,,,4
66,,,,,,2.0,,,,9.0,,,9
67,,,2.0,29.0,5.0,2.0,,,,,,,4
68,,,,,10.0,2.0,,,,,,,9
69,,,,,,1.0,5.0,,,9.0,,,8
70,,,2.0,,,1.0,,,,13.0,,,9
71,,,,,,2.0,9.0,,,,5.0,,8
72,1.0,,,24.0,,,,,,,4.0,,4
73,,,2.0,,,,6.0,,,,,4.0,8
74,,1.0,,,,,,,,13.0,,,9
75,,,,27.0,,,,,4.0,,,,4
76,,,,,8.0,3.0,,,,,14.0,7.0,4
77,,,,,3.0,,,,,,,,9
78,,,,,,,,19.0,,,,,9
79,,,,,,,,41.0,,,,1.0,8
80,,2.0,,,9.0,,,,,,,,9
81,,,,,,,5.0,4.0,,,,,8
82,1.0,3.0,,,,,,,,12.0,,9.0,8
83,,1.0,,,,,,19.0,,2.0,19.0,,8
84,,,,24.0,,,,,,11.0,13.0,10.0,8
85,,,,,7.0,,,,27.0,,7.0,,4
86,,,,22.0,,,,,25.0,,,,4
87,,,3.0,,,,8.0,,,,,,9
88,,1.0,,,,,,,,,,8.0,9
89,,,,15.0,,,,27.0,,17.0,,,8
90,2.0,,,,,,,,,,,,9
91,1.0,,1.0,,,,,36.0,9.0,,,,8
92,,,,26.0,,,8.0,,,,2.0,1.0,8
93,,,,16.0,10.0,,,,,,,,8
94,,,2.0,8.0,,,,,1.0,,,5.0,8
95,4.0,1.0,2.0,,,,,,,,,,9
96,,,,,,,,14.0,,17.0,14.0,,4
97,,1.0,,,,,,,2.0,11.0,,,4
98,,1.0,,,9.0,,,,24.0,,6.0,,4
99,1.0,,,,,,2.0,,,,,,9
100,,1.0,,32.0,,,10.0,,,,,8.0,4
101,,,,,,3.0,,,,,,,9
102,,,,,3.0,,6.0,,,,15.0,,4
103,3.0,,,,,3.0,,50.0,22.0,,,,4
104,,2.0,,,,2.0,10.0,,,,,,9
105,5.0,,,,,,,,,,7.0,,9
106,,,,,2.0,,,,,,19.0,4.0,4
107,,,2.0,,,3.0,,,,1.0,5.0,,4
108,2.0,3.0,,17.0,,,,,,,12.0,,8
109,4.0,,,,,,,,,6.0,,,9
110,,,,,,3.0,8.0,39.0,,4.0,,,8
111,,,,,,2.0,1.0,,,,,4.0,8
112,,,,,,,,21.0,,,,,9
113,,,,,,3.0,,,,,,,9
114,,,,,,,,,23.0,,12.0,,8
115,2.0,,,,6.0,,7.0,,,,6.0,,4
116,5.0,,,,7.0,,,,12.0,,,,4
117,1.0,3.0,,,,,,,,19.0,,,8
118,,1.0,3.0,19.0,,,,,23.0,,,,4
119,,,,,,,2.0,,,,,,9
120,,3.0,,,,,8.0,,,,,,9
121,,,,,,,,,,,9.0,,9
122,3.0,2.0,,,8.0,,,7.0,,,,,4
123,,,,38.0,,,,,,,,,9
124,,,,6.0,6.0,,,16.0,,,,,8
125,,,,,3.0,,,,,12.0,,,9
126,,,,12.0,,,,,,,,,9
127,,,,20.0,4.0,,,,,10.0,,1.0,8
128,,,,,,1.0,,,,,,,9
129,3.0,,,,,,,,5.0,,,5.0,4
130,,2.0,,21.0,4.0,,,,,,,8.0,8
131,,,,,10.0,,,,,,,9.0,8
132,,,,,,,,,,6.0,,,9
133,,,,,,,10.0,,,,4.0,10.0,4
134,,,,,,,,,,,9.0,,9
135,2.0,,,,,,,,7.0,,,,9
136,,,,17.0,,,,18.0,,5.0,,,4
137,,1.0,,,,3.0,,,,,,,9
138,,,,23.0,8.0,3.0,,,11.0,,,,8
139,,,,,5.0,,,,,,,,9
140,2.0,,1.0,,7.0,,,,15.0,,,,4
141,,,,,,,5.0,,21.0,5.0,,,4
142,,,,,,,,,,,,2.0,9
143,,,,,9.0,1.0,,,,,17.0,,8
144,,,,27.0,,,,,,,,,9
145,,2.0,,,4.0,,,42.0,,,13.0,,4
146,,1.0,2.0,,5.0,,,,,,,8.0,4
147,,2.0,,28.0,,,,,,,,,9
148,,,,,,,6.0,,,,,,9
149,2.0,,,,,,,,,,,3.0,9
150,,1.0,1.0,,,2.0,,,,,,7.0,8
151,,2.0,,33.0,,,,,15.0,,,,4
152,,3.0,,,,,,,,,,,9
153,,,,,,,10.0,,,,2.0,,9
154,,,2.0,,2.0,3.0,,,,,,,9
155,3.0,,,,3.0,2.0,,,,,,3.0,4
156,5.0,,,,4.0,,,,20.0,,,,4
157,,,,,,,8.0,,,,,,9
158,,,,,,,,,,16.0,,,9
159,,,,,,2.0,,,,,,,9
160,,,3.0,,,,,28.0,20.0,,,,4
161,,2.0,,,,,,,,18.0,,,9
162,,,,,,,4.0,,,,4.0,,8
163,,,,,,,3.0,,,20.0,9.0,,4
164,,,,,,3.0,10.0,,,,,,9
165,,2.0,,,5.0,,,,23.0,,,,8
166,,,1.0,,,,,,29.0,8.0,,,4
167,,,,,,,,,,1.0,,,9
168,,,,,,,,26.0,,,11.0,4.0,4
169,,,,,8.0,3.0,,,,,,2.0,8
170,,,,,9.0,,,37.0,,,,,4
171,,,,,,,6.0,,,11.0,10.0,3.0,8
172,3.0,,1.0,,8.0,,1.0,,,,,,4
173,3.0,,,,,2.0,,,,,11.0,,8
174,3.0,,,,,1.0,,,,,6.0,10.0,4
175,,,,10.0,8.0,1.0,,,,,,,4
176,,2.0,,,,,,,,,,,9
177,1.0,,1.0,,,,5.0,,,,15.0,,4
178,,,,11.0,,,,,,,2.0,6.0,8
179,,,,31.0,,,8.0,38.0,,,,,8
180,,,,,,1.0,,,,,,,9
181,,,,24.0,,,10.0,,,,10.0,7.0,8
182,2.0,3.0,,,,2.0,,,,9.0,,,8
183,,,,,7.0,,,,,,12.0,2.0,4
184,,,,,,,,44.0,28.0,,,1.0,8
185,,,3.0,,,,,,,,,,9
186,,,,,,,,8.0,10.0,,,,4
187,,3.0,2.0,,,,,,,,,,9
188,,2.0,,,7.0,,1.0,,8.0,,,,4
189,,,,,,1.0,,34.0,,6.0,,3.0,4
190,,1.0,,,8.0,,6.0,,,,,,8
191,,,,26.0,,3.0,,,,,,,9
192,,,,30.0,,,9.0,,,,,,8
193,,3.0,,,,,,,,,,,9
194,3.0,,,,10.0,,,41.0,,,,,4
195,,,,,,1.0,,,,,,,9
196,1.0,,,,,,,,,,,,9
197,,,2.0,,10.0,3.0,,,,,6.0,,4
198,5.0,1.0,,,,,,38.0,,,,6.0,4
199,,,,,,,,,,3.0,,,9
200,4.0,,,12.0,,,,,17.0,1.0,,,8
201,4.0,,,,,,,,,,,5.0,9
202,,2.0,,10.0,,,,,,,,,9
203,,,,35.0,,,,,,,,,9
204,,3.0,,,4.0,,,,8.0,,16.0,,8
205,5.0,,,,,,2.0,37.0,,,,3.0,8
206,,,,,,,7.0,,,,,,9
207,,,,,1.0,,7.0,14.0,,,,,4
208,,,,33.0,,1.0,,,,,,,9
209,,,1.0,,,,,,26.0,,,,9
210,,,,,,,2.0,,,,,,9
211,3.0,,2.0,,,,2.0,,,,,,9
212,,1.0,,,,2.0,,,,,8.0,3.0,4
213,,,,,,,3.0,18.0,,16.0,13.0,,8
214,,,,7.0,,,8.0,,,2.0,6.0,,8
215,,,,,,,,,25.0,,,,9
216,3.0,,,,6.0,,,,28.0,,,,4
217,,,,,,,,3.0,30.0,,,,4
218,,,,,8.0,2.0,,,,15.0,,,8
219,,,,,7.0,,,,,,,,9
220,,,,,9.0,,,,,,,,9
221,,,,,,,,,,,,8.0,9
222,,,,6.0,,,,,,,,,9
223,,,1.0,,,,,28.0,,,6.0,1.0,4
224,,,,,,,,38.0,,7.0,,6.0,4
225,,,2.0,21.0,,,,,,,19.0,,4
226,,,,,,,,,,,,1.0,9
227,,,1.0,9.0,,2.0,,,,,,,8
228,,,,,,,2.0,,,,,,9
229,,,,,,,,7.0,2.0,,,,4
230,2.0,,,,,,,17.0,27.0,,,,4
231,,,,,,,10.0,,,,,,9
232,,,,,,,,,,5.0,,10.0,4
233,,,,,,2.0,,,,,,,9
234,,,,,5.0,,,,,,,,9
235,,,,,,,,19.0,,,8.0,,4
236,,,,,1.0,1.0,7.0,,11.0,,,,4
237,3.0,,,26.0,,,,,,,,,8
238,,,,,,,10.0,,,,,,9
239,,,2.0,,,3.0,,,27.0,4.0,,,4
240,,,,,1.0,,,,18.0,,4.0,,4
241,,,,13.0,,,,,8.0,,7.0,,8
242,,,,28.0,,3.0,,,,,2.0,8.0,8
243,,,,17.0,,2.0,,,3.0,,,,4
244,1.0,,,,5.0,,,41.0,,,,9.0,8
245,4.0,,,,,,,,,,,8.0,9
246,,,3.0,,,,,,1.0,,,,9
247,,,3.0,,,,9.0,,,1.0,,,4
248,,,,19.0,,,,,,,,,9
249,,1.0,,,,1.0,,,,,,7.0,9
250,,,,,,,,,,,19.0,,9
251,5.0,,,23.0,,,,,,18.0,,1.0,8
252,,,,,,,,,,,14.0,,9
253,,,,,,,10.0,,,,,,9
254,,,,,,2.0,,,14.0,,,,8
255,,,,,,2.0,6.0,2.0,,,17.0,,8
256,,,,,,,,,,,,5.0,9
257,4.0,,,,,1.0,,,,,,,9
258,,,,,,,4.0,,,,,,9
259,,,,11.0,2.0,,,,,,,,8
260,,1.0,,,,,,,,,,,9
261,,,,,10.0,,4.0,,,,,,9
262,3.0,,,,,,,,,,3.0,,8
263,,,,12.0,1.0,,,5.0,,,,,8
264,,,3.0,,5.0,,,,,,17.0,,8
265,1.0,,2.0,,,,,,,,,,9
266,,,3.0,,6.0,,,32.0,,,,1.0,8
267,,,1.0,40.0,1.0,,,,,,,1.0,4
268,,,,,,,,,,,4.0,,9
269,2.0,,,,,3.0,,28.0,,,9.0,,4
270,,,,,,,,,12.0,9.0,18.0,,4
271,,3.0,,,,,,,,,,,9
272,,,,,,,8.0,,,,,,9
273,4.0,,2.0,17.0,,,,,,,19.0,,8
274,,,,,,,,11.0,,,,,9
275,,2.0,1.0,,2.0,,,,,,,,8
276,,,,,,,,,,,13.0,,9
277,,,,,,,,,,,12.0,,9
278,,,,,,1.0,,,,,,,9
279,5.0,,,,,,,,,,,3.0,9
280,,2.0,,,,,,8.0,4.0,2.0,,,8
281,,,,,4.0,,,,,7.0,,,4
282,,1.0,,,,,,,6.0,5.0,,,4
283,,,,,5.0,1.0,,,24.0,,10.0,,8
284,,,,,8.0,,,,,,,,9
285,,3.0,,,,,,,,20.0,,2.0,8
286,1.0,3.0,,9.0,,,,,10.0,,,,8
287,,,,,5.0,,,,,,,,9
288,,,,,,3.0,,19.0,10.0,,,,4
289,,,2.0,,,1.0,,,,,15.0,8.0,4
290,,1.0,,,,,,,,,,8.0,9
291,3.0,,,39.0,9.0,,,18.0,,,,,8
292,,1.0,1.0,29.0,,,,,25.0,,,,4
293,,,,,,,,,8.0,,,,9
294,,,,21.0,,,,10.0,,,,,4
295,,,3.0,,,,,,,,,,9
296,,,,,9.0,,,24.0,,,,,8
297,,,,12.0,,2.0,,,12.0,,,,8
298,,,,,,1.0,,,1.0,,,,9
299,,,2.0,,,1.0,,45.0,,1.0,,,4
300,3.0,,,,,,,8.0,,,,,4
301,,,,,,,,,27.0,,,,9
302,,,,18.0,,,4.0,11.0,,,,,8
303,4.0,,,,5.0,,,,,,,7.0,8
304,,,,32.0,5.0,,1.0,,23.0,,,,8
305,,,,,,,3.0,,5.0,,,5.0,4
306,4.0,,,,,,,,,,,,9
307,,,,,,3.0,,,10.0,17.0,,,4
308,,,,,,,,3.0,17.0,,,1.0,4
309,,,,7.0,,,,,,,,,9
310,,,,,,2.0,,,,,,,9
311,,,,,4.0,,2.0,,,17.0,,,4
312,,,,,4.0,2.0,,,,,,,9
313,4.0,,,,,,,,,,,,9
314,,,2.0,,,,,,,,,,9
315,,1.0,,31.0,,2.0,,,,,,3.0,4
316,5.0,1.0,,40.0,,,3.0,,,,,,4
317,,,,29.0,10.0,,,,18.0,,,,8
318,,,2.0,,8.0,,3.0,,,5.0,,,4
319,,1.0,,,,,,29.0,5.0,,,,4
320,,,1.0,,6.0,1.0,,,,,10.0,,4
321,,,,,7.0,,,,,,,10.0,9
322,,,,,2.0,,4.0,,,,,,9
323,,,,,,,1.0,,,,,4.0,9
324,,,,,,1.0,,,,,8.0,,9
325,,,3.0,,,,,,,,,,9
326,,,,,,,,,,12.0,,,9
327,3.0,3.0,,,,,3.0,22.0,,,,,4
328,,,,,10.0,,,,,11.0,11.0,2.0,8
329,,2.0,1.0,24.0,,,,,,,,4.0,4
330,,,,,,,,,,,6.0,,9
331,,,,,,,,,,,16.0,,9
332,,,,,,,,,,15.0,10.0,2.0,8
333,,,,,4.0,,,,,,,,9
334,,,,,,,3.0,,14.0,16.0,,,4
335,,,,7.0,3.0,3.0,,,15.0,,,,8
336,,,,,,2.0,,,,,,10.0,9
337,,,,,,,,,,16.0,,,9
338,,,,17.0,,2.0,8.0,30.0,,,,,8
339,1.0,,,,,,,,11.0,,4.0,2.0,4
340,,,,,5.0,,9.0,,17.0,,,,4
341,,,,,,,,,,11.0,,,9
342,3.0,,,,10.0,,,,25.0,,,,4
343,,,,,,,,34.0,,,,,9
344,2.0,,,,5.0,3.0,,,,,11.0,,4
345,,,,,,,,37.0,,,,,9
346,,1.0,2.0,,,1.0,,,,,,,9
347,,2.0,2.0,,,,10.0,,,,,,9
348,,,,,,,1.0,,,,,,9
349,,,1.0,,,2.0,,,,,,,9
350,1.0,,,,10.0,,,,,,,1.0,4
351,,,,,,,9.0,,20.0,2.0,9.0,,8
352,,2.0,,1.0,,,,42.0,,,,,4
353,,,,,2.0,3.0,,,,,20.0,,8
354,4.0,,,10.0,,,,,,,,8.0,4
355,,,,,,,,,,,4.0,,9
356,,1.0,,,,1.0,,,23.0,,,,8
357,,,,,,,,,,6.0,,4.0,4
358,,,,,8.0,,,,,4.0,,,4
359,1.0,3.0,,,,,,,17.0,9.0,,,4
360,,,,,,1.0,3.0,,,14.0,11.0,,8
361,,,,,,,,,,,18.0,,9
362,,,,,,,,,,2.0,,,9
363,,,,13.0,6.0,2.0,,,,,,,4
364,1.0,,,29.0,,,,24.0,4.0,,,,8
365,,2.0,,34.0,,,,,,,,,9
366,,,,,6.0,,,,24.0,9.0,,3.0,8
367,,,,,4.0,,,22.0,10.0,,,7.0,8
368,,,1.0,,,2.0,,,,,,9.0,9
369,,,,,9.0,,6.0,,14.0,10.0,,,8
370,,,,,,,,,,,,4.0,9
371,,,1.0,,,2.0,,,,,20.0,,9
372,,1.0,2.0,,,3.0,6.0,,,,,,8
373,,2.0,,,10.0,,,,4.0,,,,4
374,,,,7.0,8.0,,,,30.0,,,,8
375,,,,,1.0,,,,24.0,,,,8
376,4.0,1.0,,,,,1.0,,23.0,,,,4
377,,3.0,3.0,,,,2.0,,,,,,9
378,2.0,,1.0,,5.0,,,,1.0,,,,4
379,,,2.0,,,,7.0,,,10.0,,,8
380,,,,,,,8.0,33.0,17.0,15.0,,,8
381,,,,35.0,,,,,,,,,9
382,3.0,,1.0,,,,3.0,,10.0,,,,4
383,,,,,8.0,,,,,,,7.0,9
384,,,,,,,,,,17.0,,,9
385,,,,,,,,,,11.0,,,9
386,,,1.0,,5.0,,,,,,,,9
387,,3.0,,,3.0,,1.0,,9.0,,,,4
388,2.0,,,,,,1.0,,,,,10.0,8
389,,2.0,,,3.0,1.0,,,,,,,9
390,,3.0,,,,2.0,,,,13.0,,,4
391,5.0,,3.0,,,,,,,15.0,,,8
392,1.0,1.0,3.0,,,,,,,,,,9
393,,,,,10.0,,,,,,,,9
394,,1.0,,,5.0,,,28.0,,,,,4
395,,,,,,,2.0,38.0,,,,,8
396,5.0,,,,8.0,,,,25.0,,,,4
397,,,,,,,,,5.0,15.0,18.0,,4
398,,,,,,,,1.0,27.0,,6.0,8.0,8
399,,,,,,,,30.0,,,,8.0,8
400,,,2.0,,1.0,3.0,,,,,,2.0,8
401,,,,31.0,,,,,,,,,9
402,,3.0,,32.0,,,,,,,2.0,,4
403,,3.0,3.0,,,,,13.0,,,,,8
404,,,2.0,,2.0,,,34.0,,,,,4
405,,,,,,,,40.0,,,,,9
406,,,,,6.0,2.0,,,6.0,,9.0,,8
407,1.0,3.0,,,1.0,,,29.0,,,,,8
408,,,,,,,8.0,,,,,,9
409,3.0,,,3.0,,1.0,1.0,,,,,,4
410,,,,,,,,,,,11.0,,9
411,,,,,,3.0,,,3.0,,,,9
412,,2.0,,,,,,,,2.0,3.0,1.0,4
413,,,,,,2.0,,,16.0,,,,9
414,,,,,,,,41.0,,,,8.0,4
415,,,,,4.0,,,,,,,10.0,9
416,,1.0,,,2.0,,,42.0,,,7.0,,4
417,5.0,,,,,2.0,,,,10.0,,9.0,4
418,,,2.0,27.0,,,,,3.0,11.0,,,8
419,,,,,10.0,,,,,6.0,,,8
420,,1.0,,,,1.0,,,,,19.0,4.0,4
421,,,,,,,,,17.0,,,,9
422,,3.0,,,3.0,,,,,,,9.0,8
423,5.0,,3.0,,,,,,24.0,,2.0,,4
424,,,,,3.0,,,,,,,,9
425,,,,,,,,,,,,10.0,9
426,,1.0,,,,,,,,18.0,,10.0,8
427,1.0,,,,,,,,,19.0,8.0,,4
428,,,,,,,,,24.0,,7.0,,8
429,4.0,,,,,2.0,4.0,,,,12.0,,4
430,,,,,,,,47.0,,,5.0,3.0,4
431,,,,,,2.0,3.0,39.0,,,,,4
432,,,,,,,10.0,4.0,,,,,8
433,1.0,,,,10.0,,,31.0,,,,,8
434,5.0,1.0,,,,,1.0,39.0,,,,,4
435,,,3.0,,6.0,,1.0,,13.0,,,,8
436,,2.0,,,,,,,,,,,9
437,,,,,,3.0,,,,,,,9
438,,,,,,,,9.0,,,,,9
439,,,,,,,4.0,,18.0,,11.0,10.0,8
440,,,,,,,7.0,,,6.0,,,4
441,1.0,2.0,,,,,,,,,10.0,1.0,4
442,,3.0,,,,,2.0,,,,,,9
443,2.0,,2.0,,3.0,,,,3.0,,,,4
444,,1.0,,,,,,,,1.0,,,9
445,,,,,,,,20.0,,,,,9
446,3.0,,,,,1.0,,,,,,,9
447,1.0,,,,,,9.0,36.0,,8.0,,,8
448,,,,,,3.0,,,19.0,2.0,,,4
449,,,,,,,,44.0,,,,,9
450,,,,,,,,,,,,2.0,9
451,,,2.0,7.0,,1.0,,,,,,,8
452,5.0,2.0,,,,,,4.0,,,,,8
453,,1.0,1.0,,,,,,1.0,12.0,,,4
454,,,,,1.0,,,,,,1.0,8.0,4
455,,,,,,,1.0,,,,,,9
456,,,,,,,,,27.0,,,,9
457,,,,,,,,,,5.0,19.0,,8
458,4.0,,,,,,,,,9.0,,5.0,8
459,3.0,,,,2.0,1.0,,,,,,,9
460,,,,29.0,,,3.0,,,,20.0,,4
461,5.0,,,,,,2.0,,,,8.0,,8
462,3.0,,3.0,3.0,,2.0,,,,,,,4
463,,,,,,,4.0,,,,,,9
464,,,,,,,,,,,,8.0,9
465,,,,,,,,,16.0,10.0,,,4
466,,,,,,,,,,1.0,,,9
467,,,,,,3.0,,,,14.0,9.0,2.0,8
468,,,,,,,,,,,,4.0,9
469,,,,,,,8.0,,,,7.0,,9
470,,3.0,,,6.0,,3.0,,,,,,8
471,5.0,,,,,,,,,,,,9
472,,,,27.0,,,,,2.0,,,9.0,8
473,,2.0,,21.0,,,,,,4.0,,,4
474,,2.0,,,,3.0,,47.0,,,,7.0,4
475,,,,35.0,,1.0,,37.0,,,,8.0,8
476,5.0,,2.0,,9.0,,,,,,,5.0,4
477,,,,,,3.0,,,,,,,9
478,,,,31.0,9.0,2.0,,,,,6.0,,8
479,,,2.0,,,3.0,,,,,,5.0,9
480,,1.0,,,,,,,11.0,,8.0,,4
481,4.0,,,27.0,,,,,,17.0,,,4
482,5.0,,,,,,,11.0,,,,,8
483,,,,,,2.0,,,,5.0,,,9
484,,,,7.0,,,,3.0,,,,,4
485,,2.0,,,9.0,,,33.0,,,,,4
486,,,3.0,,,1.0,,49.0,,10.0,,,8
487,5.0,,,,,,9.0,,,,,,9
488,,,,17.0,,,,,,,,,9
489,,,,,,,5.0,14.0,,,14.0,,8
490,,,1.0,,,1.0,,,,,,,9
491,,,,,,,,,,,6.0,,9
492,,1.0,,7.0,,,,,,,18.0,,4
493,,,,36.0,,,,,30.0,,12.0,,8
494,,,,,4.0,1.0,,,,,,,9
495,,,,,5.0,,,,,,,,9
496,,,1.0,,,,2.0,,11.0,,,5.0,4
497,,,,,5.0,1.0,,36.0,16.0,,,,8
498,,2.0,,,7.0,,,,,20.0,,8.0,4
499,4.0,,,,,,,,2.0,,,,9
500,5.0,,,,,,,,,,,,9
501,,,1.0,,,,,,,,,,9
502,,,,,,2.0,,13.0,,,13.0,,4
503,,,,,,,8.0,,,,,,9
504,,,,,,3.0,,,,,5.0,7.0,8
505,,,,32.0,,,,,,,,,9
506,,,,20.0,,2.0,,4.0,,7.0,,,8
507,,,,11.0,,,,17.0,,,4.0,,8
508,,1.0,2.0,12.0,,,,,,,11.0,,8
509,4.0,,,,,1.0,7.0,,,,,,8
510,,3.0,,5.0,,,,,21.0,17.0,,,8
511,5.0,,,,,,,,,,,,9
512,,,1.0,,,2.0,,,,,,,9
513,,,,,,,,,,1.0,,,9
514,5.0,,3.0,,,,,7.0,,9.0,,,4
515,,,,31.0,,,,,,,,,9
516,,,2.0,,,,,,,,,,9
517,,,,,,,,,,9.0,9.0,,8
518,,,,6.0,,,10.0,,,,,6.0,4
519,,,,,,3.0,,,,,,,9
520,,,1.0,,,,,42.0,,17.0,5.0,,8
521,,,,,5.0,,,,,,,,9
522,,,,14.0,,,10.0,,,,,6.0,4
523,,,,,,,10.0,,,,,,9
524,,,,,,,,,,,6.0,,9
525,,1.0,2.0,,,1.0,,,,10.0,,,8
526,,,,,,,,,,,8.0,,9
527,1.0,,,,,,6.0,,,,,,9
528,3.0,,1.0,,,,2.0,,,,,8.0,4
529,5.0,,,4.0,,,,,,,,,9
530,,,,,,,2.0,46.0,,,,,8
531,,,,,,3.0,,,,,18.0,,9
532,,,,,,,4.0,,15.0,,8.0,,4
533,4.0,,2.0,,,,9.0,,,,,8.0,4
534,,,,,,,9.0,,7.0,,20.0,6.0,8
535,4.0,,,6.0,,,,26.0,,,,6.0,8
536,,,,14.0,,,,14.0,,10.0,,2.0,8
537,,,,,,,,,,,13.0,7.0,9
538,,3.0,,,,,,,,,,,9
539,,1.0,,,4.0,3.0,,,,,,,8
540,,,,,7.0,,,,,5.0,,,4
541,,,,,,,,,,11.0,,,9
542,,,,,4.0,,,10.0,,,4.0,,8
543,,,,,1.0,,,,,,,,9
544,,,,,,,2.0,4.0,,,13.0,,4
545,,,,22.0,,,5.0,,,,14.0,6.0,8
546,,,,,,,6.0,,,,,,9
547,5.0,,,,,,1.0,,,,,,9
548,,,,,,,3.0,,,10.0,,,9
549,4.0,,,25.0,9.0,,,,,,,5.0,8
550,,,2.0,,8.0,3.0,7.0,,,,,,4
551,,,,6.0,,,,,,,,,9
552,5.0,,,17.0,,,,,20.0,,,4.0,8
553,,,,,4.0,,,,,13.0,,,4
554,,,,33.0,,2.0,9.0,,,12.0,,,8
555,3.0,2.0,2.0,,,,2.0,,,,,,8
556,,,,,,,4.0,,16.0,,,,8
557,,,,32.0,2.0,,,,,,,,8
558,,,,,,,,42.0,,,,,9
559,,,,,,2.0,,,,,,,9
560,4.0,,,7.0,,,,,14.0,,,,4
561,,,3.0,,1.0,,,,,,,,9
562,,3.0,2.0,,,,,,,,,8.0,9
563,,,,,,3.0,,,29.0,,,,9
564,,,,,,,,,,,,8.0,9
565,,3.0,,,,1.0,,,,20.0,,,4
566,,,,,,,,,6.0,,,,9
567,,,1.0,,7.0,3.0,,,,,,7.0,8
568,2.0,3.0,1.0,,,,,,,,,,9
569,,,,17.0,8.0,,5.0,,,,,3.0,4
570,1.0,,,,,,5.0,42.0,5.0,,,,8
571,,3.0,,,,,,,,,,,9
572,,,,,,,,,,1.0,12.0,,4
573,,,,26.0,3.0,,,9.0,,,,1.0,8
574,,3.0,,,,,,38.0,13.0,,,1.0,8
575,,,3.0,,,,4.0,27.0,,19.0,,,8
576,,2.0,,17.0,5.0,,6.0,,,,,,4
577,,,1.0,,,,,,,,,,9
578,,,2.0,,,2.0,,,,,,,8
579,4.0,,1.0,22.0,2.0,,,,,,,,4
580,5.0,,,,,1.0,10.0,,,,,8.0,4
581,,,,,2.0,,3.0,,,20.0,10.0,,8
582,,2.0,,,,,,,,,14.0,,9
583,,3.0,,27.0,9.0,,,,,,,,4
584,1.0,,,,,3.0,,,,,,6.0,9
585,,,,,,,4.0,,,12.0,,,4
586,4.0,,,,,,10.0,,,,11.0,,8
587,,3.0,,,,,,,18.0,,,,9
588,,,,,,3.0,,7.0,,,,5.0,4
589,,2.0,,37.0,,,9.0,,,,14.0,,8
590,,,,,,,,19.0,,19.0,,,4
591,,,,,,2.0,,,,,,,9
592,1.0,,,17.0,,,8.0,,,,,8.0,8
593,,,,,,,10.0,,19.0,,,,8
594,,,,,,,,,,10.0,,,9
595,,,,,9.0,,,,,,,,9
596,,,,,,1.0,,,,,,,9
597,,,,21.0,2.0,,,,,,,,8
598,,2.0,,,,,,,,,20.0,,9
599,,,,,,2.0,,,21.0,6.0,,8.0,8
600,,,1.0,34.0,,,,,,10.0,,,4
601,,,2.0,5.0,,,,,,,,,8
602,,,,,7.0,,,,12.0,5.0,,,4
603,,,,,,,,4.0,,15.0,3.0,,8
604,,,,37.0,,,,,,,,,9
605,,,,,,3.0,10.0,,,14.0,,3.0,4
606,,,3.0,,,,,,16.0,,,,8
607,,,,,,,,,,,,10.0,9
608,,,2.0,,,,,49.0,,,2.0,2.0,4
609,,1.0,,,,3.0,2.0,,,,,,9
610,,,,,,1.0,,,,,,,9
611,,1.0,,,,,,,,,,,9
612,,,,,,,,10.0,,5.0,8.0,8.0,8
613,,3.0,,35.0,,,,,,,,,9
614,2.0,1.0,,,,2.0,,44.0,,,,,4
615,,,1.0,,,3.0,,,17.0,,7.0,,8
616,,,,,,,5.0,,,,,,9
617,,,,,6.0,2.0,,,,,3.0,,8
618,5.0,,,,,,,45.0,12.0,,,,4
619,,,,,6.0,,,,,2.0,,,4
620,,,,,,,2.0,,,,,,9
621,,,1.0,,,,,,,,,,9
622,,,,,,,,,21.0,,20.0,,8
623,,1.0,,30.0,,1.0,,,,,,,8
624,,,,23.0,,,,,,19.0,14.0,,4
625,,,,,,,,,,9.0,,,9
626,,,,,,1.0,,,5.0,,,,8
627,4.0,3.0,,,,,,27.0,,,,,4
628,,,,12.0,3.0,,,,,11.0,,,8
629,1.0,1.0,,,,,,,,16.0,,,8
630,,,3.0,,10.0,,10.0,,,,,,8
631,,,,16.0,,,3.0,,,,8.0,10.0,8
632,,,,,,2.0,,,,,,,9
633,,,,,,,,7.0,,3.0,,,8
634,,,1.0,,,,,,,,,,9
635,,,2.0,,,,,,,,,,9
636,4.0,,2.0,,4.0,,,,,,,4.0,8
637,,,3.0,,,2.0,6.0,,,,,,8
638,,3.0,,,,1.0,,,,1.0,,5.0,4
639,,2.0,3.0,,7.0,,,,,,3.0,,4
640,,,,,,3.0,5.0,,,,7.0,3.0,4
641,,,1.0,,,3.0,,,,,6.0,9.0,4
642,,,,,1.0,,,,3.0,,,,4
643,3.0,,,,,,,,,,,,9
644,,3.0,,,,,,,,20.0,,,9
645,,,1.0,,,,,,,,,,9
646,,,,,,,7.0,5.0,,,,,4
647,2.0,,,,,,8.0,,,,15.0,5.0,4
648,,2.0,,21.0,,,,7.0,,3.0,,,8
649,,,,,,,,,,,2.0,,9
650,4.0,,,,,,,,,,1.0,,8
651,1.0,,,,,,9.0,,12.0,,,,4
652,,,,,,,,,7.0,,,,9
653,,,,,,3.0,,,,,,,9
654,,1.0,,,7.0,1.0,,27.0,,,,,4
655,,,,,,,,3.0,,11.0,9.0,,8
656,,,3.0,3.0,,,,,,,,,9
657,1.0,2.0,,,,,,,,4.0,9.0,,8
658,,,,,,1.0,,,,,,,9
659,,2.0,,2.0,,,,30.0,,,3.0,,8
660,,,,22.0,,,,,,,,,9
661,,3.0,,,,1.0,,,,,,2.0,8
662,,,,23.0,,,,,,,,,9
663,,,2.0,32.0,,,1.0,,,,9.0,,4
664,,1.0,,,,,,,,,,,9
665,,2.0,,,,,,,30.0,1.0,,,4
666,5.0,2.0,,,,,,,29.0,11.0,,,4
667,1.0,,1.0,25.0,,,,,7.0,,,,8
668,,,,,1.0,,8.0,45.0,,,,,4
669,,,,4.0,,,,,,,10.0,,8
670,5.0,1.0,,,,,,,15.0,,,,8
671,,1.0,,,,1.0,,,,,,,9
672,,3.0,3.0,6.0,,,,,,,,,8
673,2.0,,,,,,,,,,,5.0,9
674,,2.0,,,4.0,,,,12.0,,4.0,,4
675,2.0,,1.0,,,,7.0,,,,,,9
676,,1.0,,,,2.0,,6.0,,,,4.0,4
677,,,,,,,,13.0,9.0,,6.0,,4
678,,,,,,1.0,,,,,19.0,,9
679,4.0,,,,,,,,,12.0,20.0,,4
680,,,,,,,4.0,,,,,,9
681,,1.0,3.0,,,,2.0,,,,,,8
682,,,3.0,,,,,30.0,,,,,9
683,,3.0,,,,2.0,,14.0,,,3.0,,4
684,,,,,,,,,,,,10.0,9
685,,,,28.0,,,,,22.0,,,,4
686,,,,,4.0,,4.0,,,11.0,3.0,,8
687,,,,,,,,23.0,,,3.0,10.0,4
688,,,,12.0,,,,,7.0,,,,4
689,,,,,4.0,,,,11.0,,,,8
690,2.0,,,,,,,,,,,,9
691,,,,40.0,,,,,,,,,9
692,,,,,,,,,,6.0,,,9
693,,,,,,,,21.0,,,,,9
694,,,,,5.0,1.0,,,,,19.0,6.0,4
695,,,,17.0,5.0,,,,,18.0,,,8
696,2.0,,,22.0,,,,,,,,,4
697,,,,,1.0,,6.0,,,11.0,,,4
698,,,,,,,1.0,,,,,,9
699,,2.0,,,,,,,,,,,9
700,,,,,,,,,12.0,,,,9
701,4.0,,,,,,,,,,,7.0,9
702,,,,,,,,,,,,3.0,9
703,,2.0,,5.0,,,8.0,,6.0,,,,8
704,,,,,2.0,1.0,,,,,,,9
705,,2.0,,,4.0,,,,,,,10.0,4
706,,,,,,,,14.0,,,,,9
707,5.0,,,,,,,,,,,,9
708,,,,29.0,,,,10.0,,11.0,,,4
709,,,1.0,10.0,,,,,,,2.0,,4
710,,,,,,,,,,,,2.0,9
711,,2.0,1.0,,,,,,,,,,9
712,,,,,,3.0,,,,,17.0,9.0,4
713,5.0,,,,,,1.0,35.0,,,1.0,,8
714,,2.0,3.0,,,,,,,,5.0,,9
715,,1.0,3.0,1.0,,2.0,,,,,,,4
716,,,,,9.0,3.0,,12.0,,,,,4
717,,,,,,3.0,,,16.0,,8.0,,4
718,,1.0,,,,,,,,,19.0,,9
719,,,,29.0,,,8.0,,,12.0,,8.0,8
720,,2.0,2.0,,1.0,,,,,,,,9
721,,,3.0,,4.0,,,,,,,,9
722,2.0,,1.0,,,,,,,,14.0,2.0,4
723,,1.0,,,,,,,,,,,9
724,,,,,,3.0,,,,,,,9
725,,,,,,,,,,6.0,,,9
726,,,3.0,,,,,,,16.0,,,9
727,,,,,,,,19.0,10.0,,20.0,,8
728,,,,,,,,,,,,6.0,9
729,,,,,,,,,,,,1.0,9
730,,1.0,,,,,5.0,,,,,,9
731,1.0,,,,,,,,,,,,9
732,,,,,,,,,,,,2.0,9
733,,,,,,,,,,,,6.0,9
734,,,,,,,,34.0,,,,,9
735,5.0,,,,,2.0,,,,,,,9
736,,,,,,,,,,12.0,,,9
737,,1.0,,,8.0,3.0,,33.0,,,,,4
738,3.0,,,7.0,,,,,,7.0,,,4
739,,,,,,2.0,,,,,,10.0,9
740,,,2.0,,,,,,16.0,,,,8
741,,2.0,,,,,,,,,,,9
742,,2.0,,29.0,,,,,22.0,,,7.0,8
743,,,,,7.0,2.0,9.0,,,,,,4
744,,,,,,,,,,,,5.0,9
745,1.0,,1.0,,4.0,,2.0,,,,,,4
746,3.0,,,,,,,,23.0,,,,9
747,2.0,3.0,,,,,,,21.0,,20.0,,4
748,,,,,,,2.0,,7.0,,13.0,,4
749,4.0,,,,,,10.0,,27.0,,,,8
750,,,,,,,,,,11.0,,,9
751,,2.0,,,,,,,,,,5.0,9
752,,,,,,,3.0,,,16.0,,7.0,4
753,,2.0,,,,,,,,,,,9
754,,,,17.0,,3.0,6.0,,,,,7.0,8
755,,,,,,,6.0,,20.0,,,,8
756,,1.0,,,,,,,,,,,9
757,5.0,,,,2.0,,9.0,,,,,,8
758,,,,,5.0,,,14.0,25.0,20.0,,,8
759,,,3.0,,,1.0,,,,,14.0,,8
760,,2.0,,,,,,38.0,,,,9.0,4
761,,2.0,,,,,,,3.0,,,,9
762,,,1.0,,,,,,,,,7.0,9
763,,,3.0,,,,,,,,,,9
764,,3.0,,,,,,19.0,,,,,9
765,,,2.0,,,,,,,13.0,,,9
766,,2.0,,8.0,,,,3.0,,,4.0,,8
767,3.0,,,,,,,,,,,,9
768,,,2.0,,,,,,5.0,,14.0,,8
769,,3.0,1.0,,,,,,,,,,9
770,,,3.0,,5.0,1.0,,,,,,,9
771,,,,,6.0,,,,2.0,,,,8
772,,,,,9.0,3.0,,,8.0,,,6.0,4
773,,3.0,,,9.0,,,,,,,1.0,8
774,,,,39.0,,,,,,,,,9
775,,2.0,,,10.0,2.0,9.0,,,,,,4
776,,,1.0,,,3.0,,,,4.0,,,4
777,,2.0,,,,,,37.0,,,,,9
778,,2.0,,,4.0,,,,,,,2.0,8
779,3.0,,2.0,25.0,,,,,,,,,8
780,,,,,,1.0,4.0,,,,,,9
781,,,,,,2.0,,,25.0,,,,8
782,,,,,,,,29.0,,,19.0,8.0,4
783,2.0,,,,1.0,,,,,,,,9
784,,3.0,3.0,,,,10.0,,,,,10.0,8
785,,,,,,,2.0,,5.0,,,,8
786,,1.0,,,,,,,,,15.0,1.0,8
787,,,,29.0,,,,,,,18.0,,4
788,,,,,,,,,,10.0,,,9
789,,,2.0,,3.0,,7.0,,,19.0,,,4
790,,,,,5.0,,,,,,12.0,4.0,4
791,,,3.0,,,,,,,,,9.0,9
792,,2.0,,37.0,9.0,,,,,,,7.0,4
793,,1.0,1.0,,1.0,,,,,,,1.0,4
794,,,,25.0,,,10.0,,,,,,8
795,,,,,4.0,,,,,,,,9
796,,,2.0,,,,,23.0,,,,2.0,4
797,,1.0,,,,,,,,,,,9
798,,,,,7.0,1.0,9.0,,4.0,,,,4
799,3.0,,1.0,,7.0,,,,28.0,,,,8
800,,,,,,,,,,16.0,,1.0,4
801,,,3.0,,,,,,,,,,9
802,,,,,,2.0,,,,,,,9
803,,,,10.0,,,,,3.0,,,9.0,4
804,,,,,,,4.0,,,,,,9
805,,,2.0,,,,,20.0,,,,8.0,4
806,,,,,,,,,,,14.0,,9
807,5.0,,,,6.0,,9.0,,,5.0,,,8
808,,,,,6.0,3.0,3.0,,,,18.0,,4
809,,,,24.0,,,,7.0,,1.0,,10.0,8
810,,,,,,,,,,9.0,,6.0,4
811,,,1.0,,,,,19.0,,,19.0,8.0,8
812,5.0,3.0,,,,,,,,,,,9
813,,,,,9.0,,,,,,,,9
814,,,,9.0,,,,,,,,,9
815,,,2.0,,,,,,,,,1.0,9
816,,,,38.0,,3.0,,,1.0,11.0,,,8
817,,,,,,,,,,,,2.0,9
818,4.0,3.0,,,,,,47.0,24.0,,,,4
819,,2.0,1.0,2.0,,,,,,,,,8
820,,,2.0,,,,2.0,48.0,,,,,4
821,,1.0,,,,3.0,,,,,,,9
822,2.0,1.0,,29.0,3.0,,,,,,,,4
823,,,,,,,9.0,,,,10.0,9.0,4
824,,,,,,,,35.0,,,,,9
825,,1.0,1.0,36.0,,,,,,,,,8
826,,,,,,,,,,12.0,,,9
827,,,,,,,,38.0,,,,,9
828,,,,6.0,,,,,,,12.0,6.0,4
829,,1.0,,,,,2.0,,,,,,9
830,,,,,,2.0,1.0,,22.0,,,3.0,4
831,2.0,,,20.0,,,,,,,,8.0,4
832,2.0,,,,,1.0,,,,,,7.0,9
833,,,,,5.0,,,,,,,,9
834,3.0,2.0,,,,,,,,11.0,,,8
835,,,,,,,10.0,,,,,,9
836,,,,30.0,,,,,,,,,9
837,4.0,,,,,3.0,8.0,,,,,,9
838,,,,,,,4.0,,,,,,9
839,,,,,,,9.0,,,15.0,8.0,1.0,4
840,,,,,,,,,,,,1.0,9
841,4.0,,,,5.0,,,,,,9.0,,8
842,,,,,,2.0,,,,7.0,,,9
843,,1.0,1.0,,,,,,29.0,1.0,,,4
844,,,,,,,,,,,13.0,,9
845,,1.0,,21.0,,,,,,,,,8
846,2.0,1.0,,,,,,,,,,,9
847,,2.0,,,,,,,,,,3.0,9
848,,,,,,,9.0,,,18.0,,8.0,4
849,3.0,,2.0,,,,,,,,9.0,,4
850,,,3.0,,,2.0,,,15.0,,20.0,,8
851,,2.0,,,,,9.0,46.0,,,,,4
852,,,,29.0,,,,,,,,,9
853,4.0,,,24.0,,,,,,,10.0,,4
854,2.0,,,,,,10.0,,12.0,,,,4
855,,,,,,2.0,,,,,,,9
856,,,2.0,1.0,,,9.0,,,,,,4
857,,,,,,1.0,,,,,,,9
858,,,,24.0,,,,,29.0,18.0,,,8
859,,,1.0,,,,,,,,,,9
860,,,,,2.0,,,,,9.0,,,4
861,2.0,,3.0,,,,3.0,,,,,,9
862,,,,,,,10.0,,,,,,9
863,1.0,,,,,,,,,,,,9
864,1.0,,,37.0,,,,,,,8.0,5.0,8
865,1.0,,,11.0,,,,,,,,,9
866,,,,,,2.0,,,,,,,9
867,,,,,,,,27.0,,20.0,,,8
868,,,3.0,,,,,,,16.0,,,9
869,,,1.0,38.0,9.0,,,,,,5.0,,8
870,3.0,1.0,,,,3.0,,,,11.0,,,4
871,,,,,,,,,22.0,,13.0,,8
872,,,2.0,,,,,,,,,,9
873,,3.0,2.0,,,,,,,,20.0,3.0,4
874,,,,39.0,,,,35.0,,,,,4
875,,,,,1.0,,,,18.0,18.0,,4.0,8
876,,,2.0,,,,,,,18.0,17.0,7.0,8
877,,,,,10.0,,,27.0,,,,,8
878,5.0,,,,,,,20.0,,,,,8
879,4.0,,,13.0,,,,,,,,,4
880,,,,,,,,,22.0,,,4.0,8
881,,1.0,2.0,,,,,,,,16.0,,4
882,,3.0,1.0,,7.0,,,,,10.0,,,4
883,,1.0,,,7.0,2.0,,,,10.0,,,4
884,,,,,10.0,,6.0,,22.0,,,,4
885,,,3.0,,,,,,,,,,9
886,2.0,2.0,1.0,,,,,,,20.0,,,4
887,1.0,2.0,,,,1.0,,,,9.0,,,8
888,4.0,,,,,,,,,13.0,,,9
889,5.0,,1.0,,,,,40.0,,7.0,,,8
890,,,,,,,,,,,,3.0,9
891,,,1.0,,,3.0,,29.0,,3.0,,,4
892,,,,,,,,,,20.0,4.0,,8
893,,,,,,,,,,,1.0,,9
894,,,,,2.0,,,,,,8.0,,8
895,,,,,,2.0,,,,,,,9
896,,,,,,1.0,9.0,,,16.0,,,8
897,,,,,7.0,,7.0,,,8.0,,9.0,8
898,,2.0,,,,1.0,,,5.0,,,,8
899,,,,,,,,,11.0,,,,9
900,,,,,,1.0,,,,,,,9
901,4.0,,,,,2.0,,,,,,,9
902,,1.0,,,,2.0,,,,,,,9
903,,,,,,,,9.0,,,1.0,2.0,4
904,5.0,,,,,,,,,,,,9
905,,1.0,,25.0,,,,9.0,30.0,,,,8
906,,,,29.0,,,,,,,3.0,,8
907,,1.0,,,,,7.0,,,,,,9
908,,,,5.0,,3.0,,,3.0,,,,4
909,,,,6.0,,,,33.0,,,17.0,6.0,8
910,,,3.0,8.0,,,,,10.0,,,,4
911,,3.0,2.0,,,,8.0,,,6.0,,,4
912,,3.0,,,,,,,,,,,9
913,,,3.0,,1.0,,,,,2.0,,,8
914,,,,31.0,,,,,,,,,9
915,,,,,,,,,,12.0,,,9
916,,,,25.0,5.0,1.0,,3.0,,,,,8
917,,,,31.0,1.0,2.0,,,,,,7.0,8
918,,1.0,,2.0,,,,7.0,,,,,8
919,,,3.0,39.0,,,,,28.0,,,,4
920,,,,13.0,,,,,,,,,9
921,,,,,,,,2.0,,,,,9
922,,,2.0,,2.0,,,,,,11.0,,8
923,4.0,,,,6.0,,5.0,,,,7.0,,4
924,4.0,,,,,,,,,,13.0,,8
925,,,,,2.0,,,,,,,,9
926,4.0,3.0,,,,,,,24.0,,,2.0,4
927,3.0,,,,,,3.0,,,,,3.0,8
928,,,,,,,,33.0,,,14.0,,4
929,4.0,2.0,,,,,,,9.0,,,,8
930,,,,,,3.0,,,11.0,,7.0,10.0,8
931,2.0,,,13.0,,,,,,,,,9
932,,1.0,,38.0,,,,,15.0,,,,8
933,3.0,3.0,,,,,,,,,,8.0,9
934,,,,,7.0,,,,,,,,9
935,,,,,3.0,3.0,,49.0,29.0,,,,8
936,,,,,,,,,,,,8.0,9
937,,,,,,,,,20.0,20.0,,,8
938,,,,,,,,,,,,3.0,9
939,,,1.0,,7.0,,,,3.0,,3.0,,8
940,,,1.0,,,1.0,,,8.0,,,,8
941,,,1.0,,,3.0,,,,9.0,,8.0,4
942,,,,34.0,,,,,10.0,,,9.0,8
943,,3.0,,,,,2.0,,,15.0,16.0,,8
944,,,,,,,,8.0,,17.0,,,8
945,,3.0,,,,,6.0,,20.0,,,,4
946,,,,,,2.0,,,,,,,9
947,4.0,,,,,1.0,,,,18.0,16.0,,4
948,,,,,,,,13.0,,,,,9
949,,,,,10.0,,,,,,,,9
950,,,,,10.0,,9.0,,,,5.0,10.0,8
951,,,1.0,,,,4.0,,,9.0,,,8
952,5.0,,,4.0,,2.0,,,,,,3.0,4
953,,,,15.0,1.0,3.0,,,,,,1.0,4
954,,3.0,,,,2.0,,,,,,9.0,9
955,,2.0,,33.0,,,8.0,,,,,,4
956,,,,,7.0,1.0,,24.0,,,,9.0,8
957,,,,38.0,,,9.0,,,,8.0,5.0,8
958,,,,35.0,6.0,,,,,,,9.0,4
959,,,,,,3.0,,,,,,,9
960,,,,,,,,,,,4.0,,9
961,,,,,,2.0,10.0,,8.0,1.0,,,4
962,,2.0,,,7.0,,,,,12.0,,,8
963,,,,,,,,,,18.0,,,9
964,,,,,,,,8.0,,,,,9
965,5.0,,,,7.0,,,,,,,,9
966,,,,,,3.0,,4.0,,,17.0,,4
967,2.0,,,,,,,,,,,,9
968,,2.0,,,,,,11.0,29.0,14.0,,,8
969,,,,21.0,,,,,10.0,,10.0,,4
970,,,,37.0,,,,,,,,6.0,4
971,5.0,,,,,,,,19.0,,19.0,,4
972,,,,40.0,,,,,,9.0,19.0,,8
973,,,,,,,,,,4.0,,5.0,8
974,3.0,2.0,,,,,,35.0,,,,,4
975,,,,,4.0,,,,,,,,9
976,3.0,,,20.0,7.0,,,,,12.0,,,8
977,,,,,,1.0,,,,,10.0,8.0,8
978,,,1.0,,,,6.0,,,,5.0,,8
979,,,,,,,,34.0,,,,9.0,4
980,,,,,,,,,27.0,,,2.0,8
981,3.0,,,,,,5.0,,,,13.0,4.0,4
982,,,,1.0,,,,,30.0,,,2.0,8
983,,,,,,,3.0,,30.0,,,,8
984,1.0,,,,,3.0,10.0,,,,,,8
985,,2.0,,,,,2.0,30.0,,,5.0,,8
986,,,3.0,26.0,9.0,,,,,,,,4
987,,,,,,3.0,,,22.0,3.0,,3.0,8
988,,,,,,1.0,,,,,,,9
989,,,,,,,,,,,,9.0,9
990,,,,,,,,43.0,,,,,9
991,,,,,8.0,,,,,,,,9
992,,,1.0,,,,,14.0,,,,,9
993,4.0,,,,,,10.0,,,,,,9
994,,,1.0,,,,,,,,,,9
995,,,,,,3.0,,,,8.0,,,9
996,,,,,,,1.0,,,,,,9
997,,,,30.0,10.0,1.0,,,,,,4.0,8
998,,,,,5.0,3.0,,,,,,,9
999,,,,,1.0,,10.0,20.0,2.0,,,,8
1000,,,,,6.0,,,,,,,,9
1001,,,,16.0,,3.0,,,8.0,,,,4
1002,,2.0,,,,,8.0,,4.0,,,6.0,4
1003,,,,,2.0,,,,,,,,9
1004,,,,,,,9.0,,12.0,,,,8
1005,,,1.0,,,,,,24.0,10.0,,,4
1006,,1.0,,,,,,25.0,,,,,9
1007,,,,33.0,,1.0,9.0,,,,,,8
1008,,,,,,,3.0,,,,,,9
1009,,,,,,,,15.0,,,,,9
1010,,,,,,,,40.0,24.0,,,,4
1011,,,2.0,24.0,,,,,,,,,9
1012,,,3.0,,,2.0,,,,,,,9
1013,3.0,,,,,,1.0,,,,20.0,7.0,8
1014,,,,,9.0,2.0,,,17.0,,,,4
1015,3.0,,,,,,,,,,,,9
1016,2.0,1.0,,,,,6.0,,14.0,,,,4
1017,,2.0,,,,,,25.0,,,13.0,2.0,4
1018,4.0,,,,,,,21.0,,7.0,,,4
1019,,,,,5.0,,,,4.0,,,,8
1020,,,3.0,,,2.0,,,,19.0,,3.0,4
1021,4.0,2.0,,23.0,,,,,,,,,8
1022,,,,,,,,,,3.0,,,9
1023,,,1.0,,,,,,,7.0,,9.0,4
1024,3.0,,,,6.0,,6.0,,,,14.0,,4
1025,,,,,7.0,,,,,7.0,,,4
1026,,,,,5.0,2.0,,,,,12.0,10.0,4
1027,5.0,,,,8.0,,7.0,,,,,7.0,4
1028,,2.0,2.0,,,,,,,,,,9
1029,,2.0,1.0,,,,,,,,,1.0,9
1030,,,3.0,,,,,,,8.0,,,9
1031,,3.0,,,3.0,3.0,5.0,,,,,,4
1032,,,1.0,,,,,,,,,10.0,9
1033,,3.0,,,10.0,,,,,15.0,,,8
1034,,,1.0,,3.0,1.0,,,,18.0,,,4
1035,,3.0,,,,,,,,18.0,,,9
1036,,,,,,3.0,,,,,,9.0,9
1037,,,,,,2.0,8.0,,,,,,9
1038,,,,,,,,,12.0,,,,9
1039,,1.0,,,,,,,,,,,9
1040,,,,,,,6.0,,1.0,,,4.0,4
1041,,,3.0,,,,,,,,,9.0,9
1042,,3.0,,,,,,,,,,,9
1043,,1.0,,,,,,,,,9.0,,9
1044,,,,,10.0,2.0,,,,,,,9
1045,,,,,,,,,,,4.0,,9
1046,,,,,,,3.0,,,6.0,,,9
1047,2.0,,1.0,,,,,37.0,,,,,8
1048,,3.0,,23.0,,,,,,,5.0,,4
1049,,,,,10.0,1.0,4.0,,,,,7.0,4
1050,,3.0,,,,,,,,,,,9
1051,,3.0,,,6.0,,,,22.0,,,,4
1052,,3.0,3.0,,,,,,,16.0,3.0,,4
1053,5.0,,3.0,,,,4.0,,,13.0,,,4
1054,,,,21.0,,3.0,,11.0,14.0,,,,8
1055,3.0,,,,,,,,,,,,9
1056,,,,,6.0,,,,,,,,9
1057,1.0,,,,,1.0,,,,14.0,,,4
1058,,,3.0,,,,,,,,,,9
1059,,,,,3.0,,7.0,,,13.0,,8.0,8
1060,,,,,,,,,25.0,,16.0,,4
1061,4.0,2.0,,,,1.0,,,,,,,9
1062,,,1.0,,,,,,,,,,9
1063,,,,,5.0,,,,,,,,9
1064,,,,,2.0,,,,,,,,9
1065,,,,,,,3.0,,,,,2.0,9
1066,,,,,,,,21.0,,,,,9
1067,,,,,,,,35.0,,,,,9
1068,1.0,1.0,,,2.0,,,46.0,,,,,4
1069,,3.0,,,,,,,,9.0,,8.0,4
1070,,,,,,,,4.0,,,3.0,,8
1071,,,,6.0,,2.0,7.0,16.0,,,,,8
1072,,,,,,,,,,,16.0,,9
1073,3.0,,,,3.0,,,,,,,,9
1074,,,3.0,,,,,24.0,12.0,,,,4
1075,5.0,,,,,,6.0,,,,,,9
1076,,,,2.0,,,,,,,,,9
1077,,,,,,,,,23.0,,,5.0,8
1078,,,,,,,6.0,,14.0,,,,8
1079,,,,,,,,37.0,,,,8.0,8
1080,,,,,,,6.0,,,,,2.0,9
1081,,,3.0,,,,10.0,,13.0,14.0,,,8
1082,,,,25.0,,3.0,9.0,,1.0,,,,4
1083,3.0,,,2.0,,,5.0,48.0,,,,,8
1084,,1.0,,,,,,,,,1.0,,9
1085,2.0,,,,,,,,,,,4.0,9
1086,,,,,,,,50.0,,,,8.0,8
1087,,,,,7.0,,8.0,,,,,,8
1088,,,2.0,22.0,,,,,,,,,8
1089,,3.0,,,,,,,,,,,9
1090,,,,,,3.0,7.0,24.0,,,,,4
1091,4.0,,3.0,,,3.0,,,18.0,,,,4
1092,,,,,,,,,3.0,,4.0,,4
1093,,3.0,2.0,,,,,,,,8.0,,8
1094,5.0,,,,,3.0,,23.0,16.0,,,,8
1095,,,,16.0,,2.0,,,,,,,9
1096,,3.0,3.0,,,,4.0,,1.0,,,,4
1097,,,,,,,,,,,,1.0,9
1098,,,,22.0,,2.0,,,,,,1.0,4
1099,4.0,,,,,,,,,4.0,,,9
1100,4.0,,,,,,,29.0,,,,,4
1101,,,,,,,,49.0,16.0,,,,4
1102,,1.0,1.0,24.0,,,,43.0,,,,,8
1103,,,,,,,,13.0,,,13.0,,4
1104,,,,,,,6.0,,3.0,9.0,,,4
1105,,,,,6.0,,,,,,,,9
1106,,,,,,,,,27.0,,,,9
1107,,,,,,,9.0,13.0,,,,,8
1108,,,,,,,1.0,,27.0,,12.0,,8
1109,,,,35.0,,,,,22.0,,13.0,,8
1110,2.0,,,,8.0,,,,,,11.0,1.0,4
1111,,,1.0,33.0,,,,,,13.0,12.0,,8
1112,,,,,,,,,,,5.0,,9
1113,,,,,8.0,,3.0,,26.0,,,9.0,4
1114,1.0,,,,4.0,,1.0,,24.0,,,,4
1115,,,2.0,21.0,,,,,,17.0,19.0,,8
1116,,,,,,,,1.0,,,,,9
1117,,,2.0,,,3.0,,,,5.0,18.0,,4
1118,3.0,,,,,,,34.0,,,,,4
1119,3.0,,,1.0,,,,,,17.0,,2.0,8
1120,,,,,,,,,,3.0,,,9
1121,,,,,,,3.0,,11.0,,,,8
1122,,,,,3.0,,,,,,,,9
1123,,,,13.0,,2.0,,20.0,25.0,,,,8
1124,,,,38.0,,,,,,,,,9
1125,,3.0,,,,,,,16.0,16.0,8.0,,8
1126,,3.0,,,,,,42.0,20.0,,9.0,,8
1127,,,,,,3.0,,,,,,,9
1128,,3.0,3.0,,,,,41.0,,,,,8
1129,,,1.0,,,3.0,,12.0,,14.0,,,4
1130,,,3.0,,,,,,,4.0,19.0,,4
1131,3.0,,,,2.0,,3.0,31.0,,,,,8
1132,,,,,8.0,2.0,5.0,,,,,,8
1133,,,,11.0,2.0,,,,18.0,,,4.0,4
1134,,,3.0,29.0,,,,,25.0,12.0,,,8
1135,,1.0,1.0,12.0,,,,,,7.0,,,4
1136,,,3.0,,,,,,,,,,9
1137,4.0,1.0,,,,,9.0,,,,,3.0,4
1138,,,,,,,,27.0,19.0,17.0,,1.0,8
1139,,,,,,1.0,,,24.0,,,,9
1140,,,,,,,8.0,,23.0,,,,8
1141,1.0,,,,,,,17.0,,7.0,,1.0,4
1142,,1.0,,1.0,,,6.0,,,,,,8
1143,,1.0,,,,,,,,,,,9
1144,,,1.0,,,,,,9.0,,,,8
1145,,2.0,,9.0,,,5.0,,,14.0,,,4
1146,,,,,,2.0,,,,,,,9
1147,,1.0,,,5.0,,6.0,,,17.0,,,4
1148,,1.0,,14.0,,,,,21.0,,,4.0,8
1149,,,,,,,5.0,21.0,,10.0,,,4
1150,,,,,1.0,,,,,20.0,,,9
1151,,,1.0,,,,,,,,,,9
1152,,3.0,3.0,,3.0,,,,27.0,,,,4
1153,,,3.0,,,,5.0,,,,,,9
1154,,,3.0,,5.0,,10.0,,,,,,8
1155,,,,,6.0,,7.0,,28.0,,,5.0,4
1156,,,1.0,,,,,48.0,,,,,9
1157,,,,30.0,,,,,,,,,9
1158,,,,3.0,2.0,,,31.0,,,,,4
1159,,,,,1.0,,,,,19.0,18.0,5.0,8
1160,,,,13.0,,,,20.0,,,,,4
1161,,3.0,,19.0,,,,22.0,,,,,4
1162,,2.0,,,,,,,,,16.0,9.0,8
1163,,,,,,2.0,,,14.0,,,,8
1164,3.0,,,8.0,9.0,,,,,6.0,,,8
1165,4.0,,,,,,,,,,,,9
1166,,,,,8.0,,,,,,11.0,,9
1167,1.0,,3.0,,,,,,,,,,9
1168,4.0,,2.0,,,3.0,,,,,,6.0,8
1169,,,,,,,6.0,,,,9.0,,4
1170,,3.0,2.0,,,,,,,,,7.0,9
1171,,,,,10.0,,,,17.0,,,,8
1172,,,,,,1.0,,,26.0,3.0,,,4
1173,,,,,3.0,3.0,,16.0,9.0,,,,8
1174,,,,37.0,,,,,,,,,9
1175,,,,,,,,37.0,,,,,9
1176,,,,,,,,32.0,13.0,,,3.0,8
1177,,,2.0,,3.0,,,31.0,,5.0,,,4
1178,,,,,,,,,,,5.0,,9
1179,,,,,,2.0,,5.0,25.0,,20.0,,8
1180,,,1.0,,,,,,3.0,,8.0,,4
1181,,1.0,2.0,,,,,,,,16.0,7.0,4
1182,,,,,,1.0,,,,17.0,,10.0,8
1183,,2.0,3.0,2.0,,1.0,,,,,,,8
1184,,,,,,,,,,9.0,,,9
1185,3.0,,,,,,,8.0,,9.0,,,4
1186,5.0,,,,,,,,,,,,9
1187,,1.0,1.0,,,,,,,2.0,,,9
1188,,,,,,,6.0,,,,,,9
1189,,,,,,,,,,4.0,,,9
1190,,,,,,,,,,4.0,,,9
1191,,2.0,,32.0,,,,,,,6.0,10.0,4
1192,,,,,,,,,3.0,,,,9
1193,,,2.0,,,1.0,,,,,16.0,10.0,4
1194,,2.0,,,,,,16.0,,,,,9
1195,,,3.0,,2.0,1.0,,29.0,,,,,4
1196,,,1.0,,,,,,22.0,,,,9
1197,,,3.0,,,,,,,,,8.0,9
1198,,,1.0,,,,,,2.0,,,,8
1199,,,,,,,,,28.0,,,,9
1200,,,,,,,5.0,,,,3.0,,4
1201,,,,17.0,,,,49.0,,20.0,,,8
1202,,3.0,,,,,10.0,18.0,,,14.0,,4
1203,,2.0,2.0,5.0,,,,,,16.0,,,4
1204,2.0,,,,3.0,,,,,,,10.0,8
1205,,,1.0,,,3.0,,,,8.0,2.0,,4
1206,,,,,,,,19.0,,,,,9
1207,,,,,,,,,,8.0,3.0,,8
1208,2.0,,,,,,7.0,,,,,,9
1209,,1.0,,,3.0,,2.0,,,,5.0,,4
1210,4.0,,2.0,2.0,,,,,,,,,8
1211,,,,,,,2.0,,4.0,,,,8
1212,,,,,,,5.0,,,,9.0,10.0,4
1213,,1.0,,32.0,,,,,,,,,9
1214,,,,23.0,,1.0,6.0,,,,,,4
1215,,,2.0,,,,,,,,,,9
1216,2.0,,,,,,,7.0,6.0,,,2.0,4
1217,2.0,,,,7.0,,,,,,,7.0,8
1218,,,,,,,,35.0,,,,5.0,8
1219,,,,,,,,,16.0,,,2.0,8
1220,,,,,,,,,,,1.0,10.0,8
1221,,,2.0,,,3.0,,,,,1.0,,9
1222,,,2.0,,,,,,,,,,9
1223,,,,,3.0,,,,14.0,,9.0,,4
1224,,,,5.0,3.0,1.0,,,,14.0,,,8
1225,,1.0,,,,,,,,,,,9
1226,,,,34.0,,2.0,,,20.0,,17.0,,8
1227,,,,,,,,,,7.0,,,9
1228,,,,,4.0,,9.0,,,,,,9
1229,,,3.0,,,3.0,,,,,,,9
1230,,3.0,,,,,3.0,,,,,,9
1231,,,,33.0,,,,,,,,,9
1232,,1.0,1.0,,6.0,,,,,,,,8
1233,5.0,,,,,,2.0,49.0,16.0,,,,4
1234,5.0,,,34.0,,,,,,,12.0,3.0,8
1235,1.0,,3.0,,,,,,,8.0,,2.0,4
1236,,,,,2.0,,9.0,,19.0,,,,4
1237,1.0,2.0,1.0,,,,,,,16.0,,,8
1238,1.0,,,,6.0,,,,,,,,9
1239,,,,20.0,,1.0,,,,9.0,,,4
1240,,2.0,3.0,,,,,,,,,,9
1241,5.0,,,,,2.0,,48.0,,12.0,,,4
1242,2.0,,2.0,,,,,,,,,,9
1243,,3.0,,,,,,,,,,,9
1244,,,,,,,7.0,,,,3.0,,4
1245,,3.0,2.0,,,,5.0,13.0,,,,,4
1246,,,,,,,,,30.0,,,,9
1247,,,,10.0,,1.0,,32.0,,19.0,,,8
1248,,,,,,,,,,1.0,,,9
1249,5.0,2.0,,,,,,33.0,,,3.0,,4
1250,4.0,,,,,,,,,,,,9
1251,,,,,3.0,,,,,,,,9
1252,,,,23.0,8.0,1.0,10.0,,,,,,4
1253,3.0,,,,,,,46.0,,5.0,,,4
1254,,,,19.0,,,6.0,,27.0,,,,8
1255,2.0,,,,,,,,,,,,9
1256,5.0,,,,,,,,,7.0,,,9
1257,1.0,,,,,,10.0,10.0,19.0,,,,8
1258,1.0,,,34.0,,,,,,,,,8
1259,,,3.0,32.0,6.0,,,,,,,6.0,4
1260,,,3.0,,,,,,9.0,,4.0,,4
1261,,,,,,,8.0,,,,,,9
1262,,,,,,,,,,,6.0,9.0,8
1263,,,,,4.0,,,,,,,,9
1264,,1.0,,,,,,,,,,,9
1265,,,,,,,,27.0,,,3.0,,8
1266,4.0,,,19.0,,3.0,,,,,,,8
1267,1.0,,,,,2.0,,,,,,4.0,8
1268,,,,,,,,,,12.0,,,9
1269,,,,,,1.0,,40.0,,,,,9
1270,3.0,,,,,,,,,,,,9
1271,5.0,,,35.0,,,3.0,,,,,,4
1272,5.0,,1.0,,,,3.0,27.0,,,,,4
1273,,,1.0,,1.0,,7.0,,,,,,8
1274,,1.0,,,,,,29.0,,,,6.0,4
1275,5.0,,,4.0,,,,,,5.0,15.0,,8
1276,,,,4.0,,,,3.0,,,,,4
1277,,,,,,,,,3.0,3.0,,,8
1278,,2.0,1.0,,,2.0,,,,,,,9
1279,5.0,,,,,,,,,,,,9
1280,,,,,,,,,,,,4.0,9
1281,,,,32.0,4.0,,,,,,,,8
1282,5.0,1.0,,,,,,3.0,8.0,,,,4
1283,,,2.0,29.0,,,,,,,,,8
1284,,1.0,1.0,40.0,,,,,,,3.0,,4
1285,,,,,3.0,,,,,,20.0,,8
1286,,,3.0,,,3.0,,,,,,,9
1287,,,,,,1.0,4.0,,,4.0,14.0,,8
1288,4.0,,1.0,,,2.0,,,,,,,9
1289,,,,14.0,9.0,,,,,1.0,3.0,,8
1290,,,,,,,,,13.0,17.0,,,8
1291,,,,24.0,,,,16.0,,14.0,,,8
1292,,,,,,,3.0,,,,10.0,,4
1293,,3.0,,,,,,,25.0,19.0,,7.0,4
1294,1.0,,,,,3.0,2.0,18.0,,,,,4
1295,,,3.0,,,,,,,,,,9
1296,,,,,,,,49.0,,,,3.0,8
1297,,,3.0,,,,,,,,,,9
1298,,,,,5.0,,,,19.0,,9.0,,8
1299,,,1.0,22.0,3.0,,,,,,,2.0,8
1300,,,,,,,,,,,9.0,,9
1301,,,2.0,,,3.0,,39.0,,19.0,,,4
1302,,,,,,,,,,13.0,1.0,,8
1303,,,,,,,,,,,7.0,,9
1304,,,,,,,,5.0,1.0,,,,4
1305,,,,,,2.0,,1.0,27.0,,,,4
1306,,,,31.0,,,,,,,,,9
1307,,,3.0,,10.0,,,,,,,2.0,4
1308,,1.0,,,3.0,,,,,,,,9
1309,,,,,,,,,,10.0,,,9
1310,,1.0,,,9.0,,4.0,,,,,,8
1311,2.0,3.0,,,,,9.0,,,,,6.0,4
1312,2.0,,,10.0,,,,,18.0,,,,4
1313,,,,,5.0,,,9.0,28.0,,,,8
1314,,2.0,,,,,,,,4.0,,,9
1315,3.0,,,22.0,,,,,,,,,4
1316,,,,,,,,,,,7.0,,9
1317,,,,,,,3.0,,,9.0,,,9
1318,2.0,,,,,,,34.0,,5.0,,4.0,8
1319,,,2.0,,6.0,2.0,7.0,,,,,,8
1320,,,,4.0,,,,,,,,,9
1321,,,,,2.0,,,,,,,,9
1322,,,,24.0,,,,,11.0,12.0,,,4
1323,,,,,9.0,3.0,9.0,,3.0,,,,4
1324,1.0,,,,,,,,18.0,,7.0,,8
1325,,,,,,,,21.0,30.0,,,,4
1326,,,1.0,27.0,2.0,,,3.0,,,,,8
1327,5.0,,,,,,,49.0,,,,3.0,4
1328,,,,8.0,,,,,,,,,9
1329,1.0,1.0,,,,2.0,,,,,,7.0,4
1330,,,2.0,,,,,,,,,,9
1331,,1.0,,,,,,,,,20.0,,9
1332,,,,,2.0,,,,5.0,,,,8
1333,,3.0,1.0,,,,,,,,,,9
1334,,,,,,,,38.0,,,,,9
1335,,,2.0,,7.0,,,48.0,,,,,4
1336,,,,,,,2.0,43.0,,,,6.0,4
1337,,,,20.0,1.0,3.0,,,,,,,4
1338,,,,,,,,,,,7.0,,9
1339,,,,,,,4.0,,,17.0,,1.0,4
1340,,,,,4.0,,,,,,,,9
1341,,,2.0,17.0,,,,,10.0,,,9.0,8
1342,4.0,,,,,,4.0,17.0,,,,,4
1343,,,2.0,,7.0,1.0,,,,13.0,,,4
1344,4.0,,,,,,,30.0,6.0,,13.0,,8
1345,,3.0,3.0,,,,,,,14.0,,,9
1346,,,,8.0,,2.0,,,25.0,,,,4
1347,5.0,,,,4.0,,,,12.0,,,1.0,4
1348,3.0,,,12.0,,,5.0,,,12.0,,,8
1349,,1.0,,,,2.0,,,,12.0,,9.0,4
1350,,,,,,3.0,4.0,,,,,,9
1351,,,3.0,,4.0,1.0,,,,,,9.0,4
1352,1.0,1.0,3.0,,,,,,,,,2.0,8
1353,1.0,,,,,,,,24.0,,,,9
1354,,,,39.0,,,2.0,47.0,,,,,4
1355,,3.0,,21.0,3.0,3.0,,,,,,,4
1356,,1.0,3.0,,,,10.0,,,,16.0,,4
1357,,2.0,3.0,2.0,8.0,,,,,,,,4
1358,4.0,,,,,3.0,,,,,13.0,1.0,4
1359,,,,,2.0,,,,,8.0,,4.0,4
1360,,,,,,,,,,19.0,,,9
1361,,,1.0,,,,1.0,41.0,,19.0,,,4
1362,,2.0,2.0,,,,,,,13.0,2.0,,4
1363,,,,,,,3.0,,,18.0,19.0,,4
1364,,,,23.0,,,4.0,,,,,6.0,4
1365,5.0,,,,,2.0,,,,,,,9
1366,,,,26.0,,,,,,,,,9
1367,,1.0,,,,,,,13.0,,,,9
1368,,,,23.0,10.0,1.0,3.0,,,,,,8
1369,3.0,,,39.0,,3.0,,,,,9.0,,4
1370,,,,,,,,,18.0,,,,9
1371,,,,32.0,,,,,26.0,,,,4
1372,,,,,,,,,,4.0,,6.0,8
1373,3.0,,,,,1.0,,,,,,6.0,9
1374,,,,,,1.0,1.0,4.0,,,,10.0,4
1375,1.0,,,,,,,30.0,23.0,,,2.0,8
1376,,,,,,,,,,4.0,,,9
1377,,,,,,,9.0,,,,,,9
1378,1.0,,,,,,3.0,,,4.0,17.0,,4
1379,,,,,,,,,,,,2.0,9
1380,,3.0,,,,3.0,,,27.0,,,,4
1381,,,2.0,,3.0,,,,,,11.0,,8
1382,,,,,10.0,,,,,,,,9
1383,3.0,2.0,2.0,,,,,,,,,3.0,8
1384,1.0,,,,,,,,,,,,9
1385,,,2.0,,,,6.0,,,17.0,,3.0,4
1386,4.0,2.0,,,,,,,,,,,9
1387,,2.0,,,,,,13.0,,6.0,,,4
1388,,,2.0,,,,,,26.0,,8.0,,4
1389,,,,,,,,9.0,,,10.0,,4
1390,,,,,1.0,3.0,,,,,,,9
1391,,,,,,,,15.0,,,,4.0,4
1392,,,,,,,,,,4.0,,,9
1393,3.0,,2.0,,,,,5.0,,10.0,,,4
1394,,,,27.0,,,,,7.0,,,8.0,8
1395,,,,,,,,,29.0,,,5.0,8
1396,,,3.0,,9.0,,,,,,,10.0,8
1397,,,1.0,,,,7.0,,,7.0,,,8
1398,4.0,,,,,,,,,,16.0,2.0,4
1399,,1.0,,30.0,,,2.0,,,,,,4
1400,,,,,9.0,,,,,,,,9
1401,5.0,2.0,,,,,,,,18.0,,,8
1402,,3.0,,,,,,22.0,,,,,8
1403,,,,,,2.0,5.0,,,,,,9
1404,4.0,3.0,,,,,,,21.0,4.0,,,8
1405,,,,11.0,,,,,17.0,,,2.0,8
1406,,,,,7.0,,,,,,,,9
1407,,,,2.0,,,,48.0,10.0,,,4.0,8
1408,,,,39.0,,,,,,,,,9
1409,,,3.0,,,,,,,7.0,12.0,8.0,4
1410,,,2.0,,,,6.0,,,,,,9
1411,,3.0,,,,,,,,,,,9
1412,,,,2.0,,,,,,,,,9
1413,2.0,,,,,,,,,,,,9
1414,,,2.0,,,,1.0,7.0,,,,,4
1415,,,,,,,5.0,23.0,16.0,,,,8
1416,,,,,,,,,27.0,,9.0,10.0,4
1417,,,1.0,22.0,,,,,,12.0,,3.0,8
1418,,,,,,,,,,8.0,,10.0,8
1419,4.0,,,,,,8.0,,,,,6.0,8
1420,,,,,1.0,2.0,6.0,,,,,3.0,4
1421,,,1.0,,,2.0,,,,,,,9
1422,,,,39.0,,,,,,,,,9
1423,4.0,,,,,2.0,,,,,9.0,,8
1424,1.0,,,,,,6.0,,26.0,,,,4
1425,5.0,,,,,,,36.0,23.0,,13.0,,8
1426,5.0,,,,,,,,,2.0,,,8
1427,,1.0,,,,,,,,7.0,9.0,,4
1428,,,,,,,,5.0,,,,5.0,8
1429,,3.0,,,,,3.0,,3.0,17.0,,,8
1430,,,3.0,,,,,,,7.0,,7.0,8
1431,,,,,1.0,,,,,,9.0,9.0,4
1432,,2.0,2.0,2.0,,,,,,,,,4
1433,1.0,,,,,,3.0,2.0,,,,,4
1434,,,,,,1.0,,13.0,,9.0,3.0,,8
1435,,3.0,3.0,,,,,,,6.0,7.0,,4
1436,,,,,6.0,,9.0,,,,,,8
1437,,,,,,,,,,,,10.0,9
1438,,2.0,,4.0,,,,47.0,,,4.0,,8
1439,,,,,,,8.0,,,,,,9
1440,4.0,,,,5.0,,,,,8.0,,,8
1441,,,,1.0,,,,,,,12.0,9.0,4
1442,1.0,,,,10.0,,,,,,,,9
1443,,2.0,,,,,,,,,,,9
1444,,3.0,3.0,,,2.0,,4.0,,,,,4
1445,,,,,,,,,8.0,,,,9
1446,,,,,,2.0,,,,,,,9
1447,,,2.0,,,,,,,,,,9
1448,,,,,,,,,,,20.0,,9
1449,5.0,,,,8.0,2.0,,,,11.0,,,4
1450,,,,,2.0,,,,,,14.0,,4
1451,,1.0,,3.0,,1.0,,,,,3.0,,4
1452,,,,,,,,38.0,,,,,9
1453,,1.0,3.0,,,1.0,,,,,,3.0,8
1454,5.0,,2.0,31.0,,,,,,,,,8
1455,,2.0,3.0,,,,,36.0,,,16.0,,4
1456,,,3.0,,,2.0,6.0,,,12.0,,,4
1457,,3.0,,,,3.0,1.0,,15.0,,,,4
1458,,,,,,,,41.0,,18.0,17.0,7.0,8
1459,,,,,,,,,,,,8.0,9
1460,,,,14.0,9.0,,,,,,,,8
1461,,,,,,,,,14.0,,4.0,,8
1462,3.0,,,,,,,,21.0,,,,9
1463,,,,,6.0,1.0,,12.0,,,,,4
1464,,,,,1.0,,,,,,,10.0,8
1465,,,,,,3.0,,,,,,,9
1466,,2.0,,,,,,,,,,,9
1467,,3.0,,38.0,,,3.0,,,,2.0,,8
1468,,,,,1.0,,,,1.0,,,,8
1469,,,,,,,9.0,,,,,,9
1470,,,,,,1.0,3.0,2.0,3.0,,,,4
1471,,,,,,3.0,,,,,,,9
1472,,,,,,,,,,,,4.0,9
1473,,,3.0,,1.0,,,,,,,,9
1474,,,,,,,,22.0,12.0,,,8.0,8
1475,,,,,9.0,,,,,,,,9
1476,,,,,,3.0,,4.0,,,,,8
1477,,,1.0,,,1.0,,46.0,,9.0,,,4
1478,,,,,,,9.0,,,,,,9
1479,,,,,,,,41.0,,,,,9
1480,,,,6.0,4.0,,,,3.0,,,,8
1481,,,,,,,,,,,14.0,8.0,8
1482,,,,,,,3.0,,,,,,9
1483,,1.0,,,,,10.0,,,18.0,,,8
1484,,,,6.0,,1.0,,,,,,,9
1485,,,,30.0,,,8.0,,,,,,4
1486,,3.0,2.0,,,,,6.0,,,4.0,,4
1487,,,2.0,,,,9.0,,,,,7.0,8
1488,,,,,,3.0,,,,,13.0,,9
1489,,1.0,2.0,,,,,,,,,,9
1490,,,,,,3.0,6.0,,18.0,20.0,,,8
1491,,,,,,,,,,,10.0,8.0,4
1492,5.0,,,,,,,,,,,,9
1493,,,,,,,,,,,,7.0,9
1494,,,,,,3.0,,,,,,,9
1495,,2.0,,,,,,,28.0,,,,9
1496,,3.0,,,,,,,,,,,9
1497,2.0,,1.0,,,,,12.0,,19.0,,,8
1498,,,,,,,3.0,26.0,,,6.0,4.0,8
1499,1.0,,,,,,,,,,,,9
1500,3.0,3.0,,,9.0,,,,,20.0,,,4
1501,2.0,,,,,,6.0,27.0,,,,,4
1502,,1.0,,,,,,,,,,,9
1503,,,,,,,9.0,,,,,,9
1504,,,,,,,4.0,,,,9.0,,9
1505,,,1.0,,,,,,23.0,,,2.0,8
1506,,3.0,,,2.0,,,,,,5.0,5.0,4
1507,,,,,3.0,3.0,,,,,6.0,4.0,8
1508,3.0,,,,,2.0,,,,,,,9
1509,5.0,3.0,,,,,,,,,7.0,,8
1510,,,1.0,,4.0,,,,,,,,9
1511,,,,,3.0,,,,15.0,,7.0,4.0,8
1512,1.0,1.0,,,,1.0,1.0,,,,,,8
1513,,,,8.0,2.0,,9.0,,,,,1.0,8
1514,5.0,,1.0,,,,,,,,,,9
1515,,,,4.0,,3.0,4.0,,,14.0,,,4
1516,,,3.0,,9.0,,,,,,17.0,,8
1517,,2.0,,,,,,,3.0,16.0,,,4
1518,,,,,,,,,,,,3.0,9
1519,,,,,9.0,,,,,,9.0,,9
1520,,,1.0,,,,,,26.0,,,,9
1521,,,,26.0,,,,,,,,,9
1522,,,,,,,2.0,45.0,,,,,4
1523,,,,,,,,6.0,,,,,9
1524,,1.0,,,,,,,,,,,9
1525,2.0,,,,,,,,,,9.0,,9
1526,2.0,,,,,,,,,,,,9
1527,2.0,,,,,,,,29.0,10.0,,,4
1528,,,1.0,,,,6.0,,,,13.0,,8
1529,,,,,,1.0,,26.0,,,18.0,,4
1530,5.0,,,,,,,,,,,,9
1531,,,3.0,,1.0,,,,,19.0,,,8
1532,4.0,1.0,,,,,,38.0,,,,,8
1533,,,,,,,,,2.0,,,,9
1534,,,,,5.0,,,,15.0,,8.0,1.0,8
1535,,2.0,,,4.0,,,,12.0,,,,8
1536,,,,,,,,15.0,,,,,9
1537,,3.0,,40.0,,,,,8.0,13.0,,,8
1538,,,,,,1.0,,,9.0,3.0,,,4
1539,,,,,,2.0,,,16.0,,,3.0,8
1540,,,,24.0,,,,,15.0,,2.0,,4
1541,5.0,,,2.0,,1.0,,,,,,,8
1542,,,,9.0,,2.0,,,,,,,8
1543,,2.0,,7.0,9.0,,,27.0,,,,,8
1544,,,,,,,,10.0,,,,,9
1545,,3.0,2.0,,1.0,2.0,,,,,,,8
1546,2.0,,1.0,,,,,,,,,,9
1547,,2.0,,,,,,,1.0,,,3.0,4
1548,,,,,,2.0,,,,,,,9
1549,,,,,,,,,19.0,,,,9
1550,,,,,,,7.0,,,,,,9
1551,,2.0,,,,,,,,11.0,,,9
1552,,,,19.0,,,,1.0,,1.0,,,4
1553,,2.0,,,,,,,17.0,8.0,,3.0,8
1554,,,,,,,,12.0,,,,,9
1555,,,,36.0,,1.0,,,11.0,,12.0,,8
1556,,,,,,,,,,2.0,,,9
1557,,,,,,,3.0,,,10.0,,,9
1558,1.0,,1.0,15.0,,,,42.0,,,,,8
1559,3.0,,,,3.0,,,,2.0,,,,4
1560,,,3.0,,,3.0,,,,,,,9
1561,,,,10.0,2.0,,,,,,,4.0,4
1562,,,,23.0,8.0,2.0,,8.0,,,,,8
1563,,,,,,,9.0,,,,,,9
1564,,,2.0,,,,,,,13.0,14.0,4.0,4
1565,,,,,4.0,,1.0,,,12.0,,1.0,8
1566,,3.0,,35.0,,,,,,,,10.0,4
1567,,,,23.0,,2.0,,,,,,,8
1568,,,,,,,,,,,,2.0,9
1569,,2.0,,,,,1.0,,1.0,,,2.0,4
1570,,,1.0,,,3.0,,,29.0,,3.0,,8
1571,,,,,,,8.0,,,,,2.0,9
1572,,,,,6.0,1.0,,,,2.0,,,8
1573,,,2.0,,2.0,1.0,,,,,4.0,,4
1574,,,,,8.0,,,,,,,,9
1575,,,2.0,,,,2.0,33.0,8.0,,,,8
1576,,,,,3.0,,5.0,,,2.0,,6.0,8
1577,,1.0,,,9.0,,,,,9.0,,,8
1578,,,,2.0,,,,44.0,,,,,4
1579,,,,,1.0,,,,,,,9.0,9
1580,,,,3.0,,2.0,,,,,20.0,,4
1581,5.0,,,,,3.0,,,,,1.0,,4
1582,,,3.0,,,,,,,,,,9
1583,,,,18.0,,,,,,,,9.0,8
1584,,,3.0,10.0,,,,28.0,1.0,,,,8
1585,,,,,,,,,20.0,,,,9
1586,,,3.0,,,,,37.0,,,,10.0,4
1587,,3.0,,,,,,,,,,,9
1588,,3.0,,20.0,,,,,,,,,9
1589,,,,,1.0,,,,,,,,9
1590,5.0,,,,,,3.0,,20.0,,,,4
1591,,,,,,3.0,,33.0,,,5.0,,4
1592,,,,37.0,,,,,,,,,9
1593,,2.0,,,,3.0,,,,,,,9
1594,,,,,,,,,,,,5.0,9
1595,,3.0,,,,1.0,,48.0,,,,,8
1596,,2.0,1.0,,,,,15.0,30.0,,,,4
1597,,,,,,,,,,,,1.0,9
1598,2.0,1.0,,,,,,,5.0,,,9.0,4
1599,,2.0,,37.0,,2.0,,,,,,,4
1600,,,,,,,2.0,,,,16.0,,9
1601,,,,,,,,7.0,,,,,9
1602,,1.0,,,,,,,,,,,9
1603,,,,,,1.0,,47.0,,,,,9
1604,,2.0,,,8.0,,,,26.0,,7.0,,8
1605,,,,,9.0,,3.0,35.0,,,,,8
1606,,,3.0,,,,,,,16.0,,5.0,8
1607,,,,,,,,,,,,1.0,9
1608,,,,,,,7.0,,,,,,9
1609,,,,,,,,,,,3.0,8.0,4
1610,,,,,1.0,,,,25.0,,,,8
1611,2.0,,,,,,,,,,,,9
1612,,1.0,,,,2.0,,29.0,,19.0,,,4
1613,,,,,,,,,,1.0,,,9
1614,,,,35.0,,,,,,14.0,,,4
1615,,,1.0,,,1.0,,47.0,,10.0,,,4
1616,,1.0,,39.0,,,,,,,,,9
1617,,,,,,,5.0,,14.0,15.0,5.0,,8
1618,,,,,,,,,,2.0,,10.0,4
1619,,,,,,,,32.0,22.0,,15.0,,4
1620,,,1.0,,5.0,,,5.0,,,,,4
1621,,,,17.0,,2.0,,,,,,,9
1622,,2.0,,,,2.0,,33.0,,,,,4
1623,,,,,,,,22.0,,,15.0,,4
1624,,3.0,,,,,,,24.0,,,,9
1625,1.0,,,,,3.0,,,,4.0,,,4
1626,,,,29.0,,,,,,,,,9
1627,4.0,,,21.0,,,,,,12.0,18.0,,8
1628,,,2.0,,,,,1.0,,,,,9
1629,,,,,9.0,,,,,2.0,,,4
1630,,,3.0,,,3.0,,,,18.0,,,4
1631,,,,,7.0,,,,23.0,10.0,,,4
1632,,,,,4.0,,7.0,,,,,,8
1633,,,,,,,,9.0,,,,,9
1634,,3.0,,,,,,,,,,,9
1635,3.0,3.0,,,,,,,,,,2.0,9
1636,2.0,,,,,,,,,,,8.0,9
1637,,,,25.0,9.0,,4.0,,,,,5.0,8
1638,,,,,,,,,,,,6.0,9
1639,,,,,9.0,,,,,2.0,,8.0,4
1640,3.0,,,24.0,,,,46.0,,,,,8
1641,5.0,,,,,,,50.0,,17.0,,,4
1642,,,,29.0,,1.0,5.0,,,,,,4
1643,,,,,,,,45.0,11.0,,14.0,,4
1644,2.0,,1.0,,,1.0,,,,,,,9
1645,,,,36.0,,,,,,,,,9
1646,,,1.0,,8.0,,,,,,,,9
1647,,,,,,,,12.0,24.0,,,,4
1648,,3.0,,33.0,,,,,,,,,9
1649,4.0,,,,,,10.0,,28.0,11.0,,,8
1650,,,,,,,,,9.0,,15.0,,8
1651,5.0,,,29.0,4.0,,,,,,,,8
1652,,,,,,,,,,14.0,,4.0,9
1653,,,2.0,,7.0,,,,,,,,9
1654,,2.0,,,,,,,,4.0,,1.0,8
1655,,,,26.0,4.0,,,38.0,11.0,,,,8
1656,,,,,,,,28.0,16.0,9.0,,,8
1657,,,,,2.0,,,,,,,,9
1658,5.0,,,,,,,17.0,,,9.0,,4
1659,,,,,5.0,,,,,,,,9
1660,,,,,,,,,,,18.0,,9
1661,,,,6.0,,,,,26.0,,,,8
1662,,,,,,,4.0,37.0,,,,,8
1663,,,2.0,4.0,,,,,,,3.0,,4
1664,5.0,,2.0,,1.0,,,,25.0,,,,4
1665,,,3.0,25.0,,,,,,,,7.0,4
1666,,,1.0,,,1.0,7.0,,,,,,9
1667,,,,,,,,,27.0,14.0,6.0,7.0,8
1668,,,,,3.0,,,,,,,,9
1669,,3.0,,,2.0,,,,26.0,,7.0,,8
1670,,,3.0,,,3.0,,,,,,,9
1671,,2.0,,,,,,26.0,8.0,,,,8
1672,,3.0,,,,,,,,,8.0,,9
1673,4.0,,1.0,,,,,,30.0,6.0,,,4
1674,,,3.0,,,,3.0,,,,15.0,3.0,4
1675,,,,,,,,,,,12.0,,9
1676,,,,2.0,,,7.0,,24.0,,8.0,,8
1677,,1.0,,6.0,9.0,3.0,,,,,,,4
1678,,2.0,,,,,3.0,,,19.0,,2.0,4
1679,,3.0,,,,,,,17.0,11.0,,,4
1680,3.0,1.0,,,,,,,,,,,9
1681,5.0,,,,3.0,,,30.0,,,,,4
1682,,,,,,,,,,6.0,,9.0,4
1683,,,,,3.0,,,,24.0,,,,8
1684,,,,,,2.0,4.0,,,,13.0,,8
1685,,1.0,,13.0,,1.0,,,,,,,8
1686,,,,7.0,,,,,,,,,9
1687,,,1.0,8.0,,,7.0,,,,,6.0,4
1688,,,,12.0,10.0,,,10.0,,,,,4
1689,,,3.0,,,,,,13.0,,13.0,,4
1690,,,,,6.0,,,,24.0,10.0,,,4
1691,,,,,,3.0,,,,,,,9
1692,,,3.0,,,,,32.0,,3.0,,3.0,4
1693,,,1.0,,,1.0,,37.0,,,,,4
1694,,,2.0,,,,,25.0,,,,,9
1695,4.0,,2.0,7.0,,,,,,,,,8
1696,4.0,,2.0,,,1.0,,49.0,,,,,4
1697,,,,,,,,,,,4.0,,9
1698,,,,,,,,,29.0,,19.0,,8
1699,,,3.0,,,,,,,,,,9
1700,,,2.0,,,,,,,,,,9
1701,,3.0,,,,2.0,,,,,7.0,,9
1702,,,,,,,,,,,,2.0,9
1703,,,3.0,,,,,,12.0,18.0,,8.0,8
1704,,3.0,,,4.0,,2.0,,,,2.0,,8
1705,,,,,,,,,24.0,,,6.0,8
1706,4.0,,1.0,,,,7.0,,,,,,9
1707,,,,,,,,,14.0,,,,9
1708,,,,,9.0,,,,,,,,9
1709,,2.0,,,3.0,,1.0,,,8.0,,,4
1710,,,,,,,,,,2.0,17.0,,8
1711,,,,,,,,,,2.0,,,9
1712,,,3.0,,9.0,,,,,,,,9
1713,4.0,,,,,,1.0,36.0,,,,,4
1714,,,2.0,22.0,,,3.0,,,,,,4
1715,,2.0,,,,,,,29.0,,,,9
1716,,,,,,1.0,,,,,,,9
1717,,,2.0,,1.0,,,,,,,,9
1718,,,1.0,,1.0,,7.0,,,,,5.0,4
1719,,,,,4.0,1.0,1.0,,,,17.0,,4
1720,,,1.0,22.0,,,,,,14.0,,2.0,8
1721,1.0,,,,,,,,19.0,7.0,,8.0,4
1722,2.0,,,,,,,6.0,,,,8.0,4
1723,5.0,,,14.0,,,,,,,,,4
1724,,,,,,,,,,1.0,,3.0,8
1725,,,,,,,,,,,19.0,6.0,8
1726,,,,9.0,,,2.0,,,16.0,,,4
1727,2.0,,,,,,,,,,12.0,,9
1728,,,,26.0,1.0,,,,,,,,8
1729,,,,,,,,13.0,,9.0,,,8
1730,,,,,,,8.0,,,,,,9
1731,,2.0,,,,,10.0,,,,3.0,,8
1732,,,1.0,,,,2.0,,,,,,9
1733,,2.0,,,,1.0,,,,,,,9
1734,,,,,,1.0,9.0,,,,,2.0,8
1735,,,3.0,,,1.0,,,11.0,,,,8
1736,,1.0,2.0,,,1.0,,,,16.0,,,8
1737,5.0,,,,,,8.0,,16.0,,,,4
1738,,3.0,1.0,,,,5.0,,,,,,8
1739,,,,,,,,42.0,,,,,9
1740,,,,,,2.0,5.0,28.0,,,,,4
1741,,2.0,,9.0,7.0,,,21.0,,,,,8
1742,,,,,,,10.0,,,,,,9
1743,,,2.0,33.0,,,,25.0,,,,,4
1744,2.0,,,,,,,47.0,,,,,8
1745,,,,,,,,,,11.0,,,9
1746,,,3.0,,,,,36.0,,,,,9
1747,,,,25.0,,,,,,3.0,,,4
1748,,,,,,1.0,,,,,,,9
1749,,,,5.0,,2.0,,,20.0,,,,4
1750,,,,,6.0,,,44.0,,,,,8
1751,2.0,,2.0,6.0,,,,,,,11.0,,4
1752,,,,,,,,,,10.0,,,9
1753,,,,,,,,,8.0,,,,9
1754,,,,36.0,,,,36.0,,,,,4
1755,5.0,,1.0,,,,,,25.0,,,,8
1756,,,,,,,,24.0,,1.0,16.0,,8
1757,5.0,,1.0,,4.0,,,,,6.0,,,4
1758,,,,,,,2.0,,,,,,9
1759,,,,4.0,,,,,,,,,9
1760,,,,,,,,,8.0,,,,9
1761,,,,40.0,,,1.0,,4.0,17.0,,,4
1762,,,,,,,,,20.0,2.0,,,8
1763,,2.0,,,1.0,,,47.0,26.0,,,,8
1764,,,,,,,,,,,,9.0,9
1765,,,,24.0,9.0,,1.0,,,,,,4
1766,,,2.0,6.0,,,,,,,,,9
1767,,,3.0,,,,,,,,,,9
1768,2.0,2.0,,,1.0,,9.0,,,,,,4
1769,3.0,,,,6.0,,,8.0,,15.0,,,4
1770,5.0,,,20.0,2.0,,,7.0,,,,,8
1771,,2.0,2.0,,,,8.0,,,,,,8
1772,,,3.0,,,2.0,2.0,,,,,8.0,8
1773,,3.0,,,5.0,,6.0,,,,,,8
1774,5.0,2.0,,16.0,,,,,,,,,4
1775,,,,,,2.0,,9.0,,10.0,,,4
1776,,,,,,,,,28.0,,,7.0,8
1777,,,,33.0,,,,,,,,,9
1778,2.0,,,,,1.0,,,,,,8.0,9
1779,,,,,,,,,,,,6.0,9
1780,,3.0,,,2.0,1.0,,,,,4.0,,4
1781,,2.0,,,,,,43.0,,,,,4
1782,,2.0,,,,1.0,7.0,35.0,,,,,4
1783,,2.0,,34.0,,,,,25.0,,,,4
1784,2.0,,,,,3.0,1.0,,,,,,9
1785,,,3.0,,,,,32.0,,,,,8
1786,,,,,,,1.0,,,,,3.0,8
1787,,,,,8.0,,,18.0,,4.0,2.0,,8
1788,,,,,,,,,9.0,,,,9
1789,,,2.0,,,,,,,,,,9
1790,,,1.0,,,,,,,,,,9
1791,3.0,,,,,,,13.0,,,6.0,,8
1792,,,3.0,,,,4.0,,,,,,9
1793,,,,,,,,,,5.0,5.0,10.0,4
1794,2.0,,1.0,,,,,,27.0,9.0,,,8
1795,,,1.0,,,,7.0,,13.0,,3.0,,8
1796,,1.0,,,,,,,,,10.0,,9
1797,,,,9.0,,,,,,,,,9
1798,,,2.0,14.0,,,,,,,,,8
1799,,,,,,2.0,,,,,13.0,,9
1800,,,,,,,,,,13.0,13.0,9.0,4
1801,,,,,,,,,,10.0,,,9
1802,,,,,,,,,,,6.0,,9
1803,,,,,,3.0,,,,,,,9
1804,,2.0,,,,,,,,5.0,,,9
1805,,,,40.0,,,,,,,,,9
1806,,,,,,,,,,,20.0,,9
1807,,,,,,1.0,10.0,,30.0,,,,4
1808,3.0,,,,,,,,,20.0,,,9
1809,,,3.0,,,2.0,,,,,,1.0,9
1810,,,,,,2.0,,,,20.0,,8.0,8
1811,4.0,3.0,1.0,,,,,,,,,,9
1812,1.0,1.0,,,5.0,2.0,,,,,,,8
1813,,,,,,,,,,,7.0,,9
1814,,,,,3.0,,,,,,,,9
1815,,,,34.0,,1.0,,,,,,5.0,4
1816,5.0,,,,,,,,,,1.0,,9
1817,,,3.0,20.0,,,,,17.0,,15.0,,8
1818,,,,,,,,31.0,,,,8.0,8
1819,,,,1.0,,3.0,1.0,,22.0,,,,8
1820,,,2.0,,2.0,,,,,,8.0,9.0,8
1821,,,2.0,,,,,,,,,1.0,9
1822,,,,26.0,,,,,,,,,9
1823,2.0,3.0,,,10.0,,,,,,,6.0,4
1824,,,,,,,9.0,,,,15.0,,8
1825,3.0,,,,,,,14.0,,,,4.0,4
1826,1.0,1.0,2.0,,4.0,,,,,,,,8
1827,,,,28.0,,,,,,16.0,,10.0,8
1828,,2.0,,,,,,,,,,,9
1829,,,1.0,,,,7.0,,,,,8.0,4
1830,2.0,,,,4.0,,2.0,15.0,,,,,8
1831,1.0,,,,2.0,,,21.0,,,6.0,,8
1832,,3.0,1.0,,,,5.0,,,4.0,,,4
1833,,,2.0,,,,,,,,,,9
1834,,,,,,,,38.0,,,,,9
1835,,1.0,3.0,,,,,,2.0,,,,4
1836,,,,,,3.0,,,,,,,9
1837,,,,39.0,,,,,,,,10.0,8
1838,,1.0,1.0,,,,9.0,,24.0,,,,4
1839,,,2.0,,,3.0,9.0,,7.0,,,,4
1840,,,,40.0,,3.0,,,,,,,9
1841,,1.0,,,,1.0,,,,,,5.0,9
1842,,,,,9.0,,,,,,,,9
1843,5.0,,,,1.0,,,,,,,,9
1844,,,1.0,,,,,27.0,29.0,6.0,,,4
1845,,,3.0,,6.0,,,,,,,4.0,8
1846,,2.0,,,,,,,,,,,9
1847,,,,,,,,,,10.0,,,9
1848,,,,,,,,,5.0,,,,9
1849,,,,16.0,,3.0,,38.0,,,,2.0,8
1850,4.0,,,,,,8.0,,,15.0,,,8
1851,,,,,,,,40.0,,,,,9
1852,,,2.0,,,,,,26.0,,,,9
1853,,,,,,,7.0,,20.0,,,,8
1854,,,,,8.0,,7.0,,,,15.0,,4
1855,2.0,,,,,,,,,,,10.0,9
1856,,,,6.0,,,,,,14.0,,,8
1857,4.0,,,,,,2.0,,,,,,9
1858,,,,12.0,,,,,,,,,9
1859,,,3.0,,1.0,,,34.0,5.0,,,,8
1860,,1.0,,39.0,,,,,,,17.0,10.0,8
1861,,1.0,,,,2.0,,,,,,,9
1862,,3.0,,,,,,,1.0,1.0,,10.0,8
1863,,,,2.0,,,,6.0,29.0,15.0,,,8
1864,1.0,,,,7.0,,,,,,,6.0,4
1865,,,,,,2.0,3.0,,,,8.0,,8
1866,,,,,,1.0,,,15.0,19.0,3.0,,8
1867,,,2.0,,,,,,17.0,10.0,,,4
1868,2.0,,,,,,,,,,,1.0,9
1869,3.0,,,,,,,,2.0,,,,9
1870,,3.0,,,10.0,,,,22.0,,,,4
1871,,,2.0,,,,,,,,,,9
1872,1.0,,,,,1.0,,,,16.0,3.0,,4
1873,,,,,,,,10.0,,,,,9
1874,,,,,,3.0,,,7.0,,5.0,,4
1875,,1.0,,,,,,,,,,,9
1876,1.0,,3.0,,,1.0,,,,,9.0,,8
1877,,2.0,,,,,10.0,18.0,,12.0,,,8
1878,,,,1.0,,,,11.0,,,,,4
1879,1.0,,,,,,,,8.0,,,,9
1880,,,3.0,,,,,,,,1.0,,9
1881,,,,,,1.0,9.0,47.0,,,,,4
1882,,,,,,,,,,,,8.0,9
1883,,,,,,2.0,,,,,,,9
1884,,,3.0,,,3.0,,,,,,,9
1885,,,,,,,4.0,,,,,,9
1886,,,,,,,,,17.0,,17.0,,8
1887,,1.0,,1.0,,,,,,,9.0,,4
1888,,,3.0,37.0,2.0,,,,,,,,8
1889,5.0,,2.0,,,,,,30.0,16.0,,,4
1890,,,,22.0,,3.0,6.0,45.0,,,,,8
1891,,,,,,,,,,,,2.0,9
1892,,,,36.0,,1.0,,,,,,,8
1893,2.0,2.0,,,,,10.0,,29.0,,,,4
1894,,,1.0,,,,,,,2.0,,,9
1895,,,,,,,,,,15.0,,,9
1896,,,,,,,,49.0,,8.0,,9.0,8
1897,,1.0,,,,,,,,,,,9
1898,4.0,,,,,3.0,,36.0,,,,,8
1899,5.0,,,,9.0,,,,,13.0,,,4
1900,,,,,,,2.0,28.0,25.0,,,,8
1901,,,,21.0,,2.0,,,28.0,,,,4
1902,,1.0,,,,,,,,,,,9
1903,,,,,,,,,24.0,,2.0,8.0,4
1904,,,,,,1.0,,,,12.0,,,9
1905,,,,,,,,,,,,3.0,9
1906,,,,,,,,,,1.0,,,9
1907,,,,,6.0,,,,,11.0,,,9
1908,1.0,,,,,,,,,,,,9
1909,2.0,,,6.0,,,2.0,,,,,,4
1910,,,,,,,,20.0,,,,,9
1911,,2.0,,,3.0,1.0,,,,,,10.0,8
1912,,,1.0,,,,,,30.0,,,,9
1913,,,,,,2.0,5.0,,,4.0,,,8
1914,,,,,,,,2.0,,,,,9
1915,,,2.0,4.0,,,,,,,,,9
1916,,,,4.0,1.0,1.0,3.0,,,,,,4
1917,,,,,,,,,,10.0,,,9
1918,4.0,,,,,3.0,,,,12.0,5.0,,4
1919,,,,,,,,,,,,5.0,9
1920,,1.0,,,8.0,,7.0,,,,,,8
1921,,,,,,3.0,,,24.0,14.0,,,4
1922,,,,,,,,,2.0,,,,9
1923,2.0,,,5.0,,1.0,,20.0,,,,,4
1924,,,3.0,,,,2.0,,,,,,9
1925,,,,,4.0,,,,7.0,,,,8
1926,,,1.0,,,,10.0,,,,,4.0,8
1927,1.0,,,,,1.0,,,2.0,1.0,,,8
1928,4.0,,,,,,,,15.0,,,2.0,4
1929,,,,,,,6.0,33.0,2.0,,,,4
1930,,,3.0,,5.0,,,,,,,,9
1931,,3.0,,,,,,,,4.0,,,9
1932,2.0,,,12.0,,,,,19.0,,,6.0,8
1933,,,,,,,,,,10.0,,,9
1934,,,2.0,,5.0,,,46.0,,,11.0,,8
1935,,,,,,,,27.0,,,,6.0,8
1936,,,,37.0,,,7.0,,,,,,8
1937,,,,,,,,,,8.0,,,9
1938,,,,40.0,,,5.0,,,,,,8
1939,,,2.0,,,,,,,10.0,,,9
1940,2.0,,1.0,,,,,,26.0,,,,8
1941,,3.0,1.0,,,,,,,,,,9
1942,,3.0,,,,,,,,,,,9
1943,5.0,,2.0,,,1.0,,,,,12.0,,8
1944,,,,,,,,,,7.0,,,9
1945,,,,,,3.0,10.0,,,,,,9
1946,1.0,,,,,2.0,,,,,,,9
1947,,,2.0,,,,7.0,,,12.0,,8.0,4
1948,,,,,,,,,8.0,,,1.0,8
1949,2.0,2.0,,,,2.0,3.0,,,,,,8
1950,,,,,,,,,,17.0,,,9
1951,,,,,,,,18.0,,,,,9
1952,,,,5.0,,,,,,,,,9
1953,,,,,,1.0,,35.0,,10.0,5.0,,8
1954,,,,,3.0,,4.0,,,,,,9
1955,,1.0,,,,,,,,,7.0,3.0,8
1956,2.0,,1.0,,,,,2.0,,,,,8
1957,,,2.0,,,,,,,,,,9
1958,,3.0,,,6.0,,,,,,,,9
1959,2.0,,2.0,,,,,22.0,,,,4.0,4
1960,,1.0,,,,,,,22.0,4.0,,8.0,4
1961,3.0,,2.0,,,,,,29.0,,,,8
1962,,3.0,,,1.0,,,,10.0,,,,4
1963,,1.0,,,,,,,,,,,9
1964,,,,7.0,9.0,,,9.0,2.0,,,,8
1965,,,,,,,6.0,,,,,,9
1966,4.0,,,,10.0,,7.0,,3.0,,,,4
1967,,,,,,,,47.0,,,,,9
1968,,,,11.0,,,9.0,5.0,3.0,,,,4
1969,,,3.0,14.0,,,,,,,,,8
1970,,,2.0,25.0,7.0,,,,,11.0,,,8
1971,,,,,,,,,,18.0,,8.0,4
1972,,,,25.0,,3.0,,,17.0,,,7.0,4
1973,,,,,,1.0,,,,,,9.0,9
1974,,,,,,,,,24.0,,,,9
1975,,,1.0,,,,4.0,,,,,,9
1976,,,,,,3.0,,40.0,,,,,9
1977,,1.0,,1.0,,3.0,,,,,,,8
1978,,,,,4.0,2.0,,,,20.0,,6.0,4
1979,,,,,,,,,,6.0,,,9
1980,5.0,,,,2.0,,,,,,,5.0,8
1981,,,,,,,2.0,33.0,,3.0,16.0,,8
1982,,1.0,,,1.0,,,,,,,,9
1983,,,,,,,,,24.0,,2.0,,8
1984,3.0,,,,4.0,2.0,,,,,,,9
1985,,,2.0,35.0,,3.0,9.0,,,,,,4
1986,,3.0,,,,,,,,,,,9
1987,,,,25.0,,,,,,,,,9
1988,5.0,,,,,3.0,,,,,,,9
1989,,,,,7.0,,,,27.0,,13.0,8.0,8
1990,,,,,6.0,,,18.0,,,,,8
1991,,2.0,,,8.0,,,40.0,,,,,4
1992,,,,,,,,,,,,7.0,9
1993,,,1.0,,,,,,,,,,9
1994,,2.0,,,5.0,,,,2.0,14.0,,,4
1995,3.0,2.0,,,,,,,,,,,9
1996,,,,,,,,,,,,5.0,9
1997,5.0,,,,,,,,,16.0,3.0,,4
1998,,,,,7.0,,7.0,,,,,,9
1999,,,2.0,,,,,,,11.0,,,9
